{
	"format_version": "1.8.0",
	"animations": {
		"animation.lilligant_hisui.ground_idle": {
			"loop": true,
			"bones": {
				"leg_right": {
					"rotation": {
						"0.0": {
							"post": [-7.94715, "18.5252-11*(math.sin(q.anim_time*135)*2)", "-14.758-1.5*(math.sin(q.anim_time*135)*2)"],
							"lerp_mode": "catmullrom"
						}
					},
					"position": {
						"0.0": {
							"post": [0.5, -0.5, -0.5],
							"lerp_mode": "catmullrom"
						}
					}
				},
				"leg_right2": {
					"rotation": {
						"0.0": {
							"post": ["0+2.2*(math.sin(q.anim_time*135)*2)", "0+1*(math.sin(q.anim_time*135)*2)", "6+0.2*(math.sin(q.anim_time*67.5)*2)"],
							"lerp_mode": "catmullrom"
						}
					}
				},
				"skirt_left": {
					"rotation": {
						"0.0": {
							"post": ["0+5*(math.sin(q.anim_time*135+10)*4)", "0+10*(math.sin(q.anim_time*135-10)*2)", "-45+2*(math.sin(q.anim_time*270)*2)"],
							"lerp_mode": "catmullrom"
						}
					}
				},
				"arm_left": {
					"rotation": {
						"0.0": {
							"post": ["+12*(math.sin(q.anim_time*135+10)*2)", "-7.5+12*(math.sin(q.anim_time*135-10)*2)", "50-1*(math.sin(q.anim_time*270-40)*3)"],
							"lerp_mode": "catmullrom"
						}
					}
				},
				"necklace": {
					"rotation": {
						"0.0": {
							"post": [0, 0, 0],
							"lerp_mode": "catmullrom"
						}
					},
					"position": {
						"0.0": {
							"post": [0, 0, 0],
							"lerp_mode": "catmullrom"
						}
					}
				},
				"leg_left": {
					"rotation": {
						"0.0": {
							"post": [10, "-2.462-10*(math.sin(q.anim_time*135)*2)", "14.56560-1.5*(math.sin(q.anim_time*135)*2)"],
							"lerp_mode": "catmullrom"
						}
					},
					"position": {
						"0.0": {
							"post": [-0.3, -0.5, 0.5],
							"lerp_mode": "catmullrom"
						}
					}
				},
				"foot_right2": {
					"rotation": {
						"0.0": {
							"post": ["6+30*math.clamp(0.2*(math.sin(q.anim_time*270)*2),0,10)", 0, 0],
							"lerp_mode": "catmullrom"
						}
					}
				},
				"leg_left2": {
					"rotation": {
						"0.0": {
							"post": ["+1.5-1.5*(math.sin(q.anim_time*135)*2)", "0+1*(math.sin(q.anim_time*270)*2)", 0],
							"lerp_mode": "catmullrom"
						}
					}
				},
				"foot_left": {
					"rotation": {
						"0.0": {
							"post": [0, "-90+0", 0],
							"lerp_mode": "catmullrom"
						}
					}
				},
				"foot_left2": {
					"rotation": {
						"0.0": {
							"post": ["-15+45*math.clamp(0.2*(math.sin(q.anim_time*270)*2),0,10)", 0, 0],
							"lerp_mode": "catmullrom"
						}
					}
				},
				"torso": {
					"rotation": {
						"0.0": {
							"post": [-1.29717, "4.8292+5*(math.sin(q.anim_time*135)*2)", "-0.0547+1*(math.sin(q.anim_time*135)*2)"],
							"lerp_mode": "catmullrom"
						}
					},
					"position": {
						"0.0": {
							"post": [0, "0+2*math.clamp(0.2*(math.sin(q.anim_time*270)*2),0,10)", 0],
							"lerp_mode": "catmullrom"
						}
					}
				},
				"head": {
					"rotation": {
						"0.0": {
							"post": ["0+0.8*(math.sin(q.anim_time*270+5)*2)", "0-5*(math.sin(q.anim_time*135+5)*2)", "-7.5+0.8*(math.sin(q.anim_time*135+5)*2)"],
							"lerp_mode": "catmullrom"
						}
					}
				},
				"neck": {
					"rotation": {
						"0.0": {
							"post": [0, 0, 7.5],
							"lerp_mode": "catmullrom"
						}
					},
					"position": {
						"0.0": {
							"post": [-0.1, -0.5, 0],
							"lerp_mode": "catmullrom"
						}
					}
				},
				"waist": {
					"rotation": {
						"0.0": {
							"post": [0, "0+5*(math.sin(q.anim_time*135)*2)", 0],
							"lerp_mode": "catmullrom"
						}
					},
					"position": {
						"0.0": {
							"post": [0, 0, 0],
							"lerp_mode": "catmullrom"
						}
					}
				},
				"sidehair_left": {
					"rotation": {
						"0.0": {
							"post": ["1.4125-4*(math.sin(q.anim_time*270-90)*2)", "22.1991+4*(math.sin(q.anim_time*135)*2)", -22.02884],
							"lerp_mode": "catmullrom"
						}
					}
				},
				"sidehair_right": {
					"rotation": {
						"0.0": {
							"post": ["-6.7128+0.8*(math.sin(q.anim_time*135+5)*2)", "-12.449+4*(math.sin(q.anim_time*135+5)*2)", 3.36347],
							"lerp_mode": "catmullrom"
						}
					}
				},
				"arm_left1": {
					"rotation": {
						"0.0": {
							"post": [0, "-1*(math.sin(q.anim_time*135-20)*3)", "-20-6*(math.sin(q.anim_time*270-40)*2)"],
							"lerp_mode": "catmullrom"
						}
					}
				},
				"arm_left2": {
					"rotation": {
						"0.0": {
							"post": [0, "0-1*(math.sin(q.anim_time*135-10)*2)", "-37.51+8*(math.sin(q.anim_time*270-20)*2)"],
							"lerp_mode": "catmullrom"
						}
					}
				},
				"arm_left3": {
					"rotation": {
						"0.0": {
							"post": [0, 0, "-15+8*(math.sin(q.anim_time*270-20)*2)"],
							"lerp_mode": "catmullrom"
						}
					}
				},
				"necklace_front": {
					"rotation": {
						"0.0": {
							"post": ["25+8*(math.sin(q.anim_time*270-50)*2)", "0+8*(math.sin(q.anim_time*135-50)*2)", 0],
							"lerp_mode": "catmullrom"
						}
					}
				},
				"necklace_back": {
					"rotation": {
						"0.0": {
							"post": ["-25-8*(math.sin(q.anim_time*270-50)*2)", "0+8*(math.sin(q.anim_time*135-50)*2)", 0],
							"lerp_mode": "catmullrom"
						}
					}
				},
				"necklace_left": {
					"rotation": {
						"0.0": {
							"post": ["0+8*(math.sin(q.anim_time*135-50)*2)", 0, "25+8*(math.sin(q.anim_time*270-50)*2)"],
							"lerp_mode": "catmullrom"
						}
					}
				},
				"necklace_right": {
					"rotation": {
						"0.0": {
							"post": ["0+8*(math.sin(q.anim_time*135-50)*2)", 0, "-25-8*(math.sin(q.anim_time*270-50)*2)"],
							"lerp_mode": "catmullrom"
						}
					}
				},
				"sidehair_left1": {
					"rotation": {
						"0.0": {
							"post": ["0-4*(math.sin(q.anim_time*270-90)*2)", 5, 0],
							"lerp_mode": "catmullrom"
						}
					}
				},
				"sidehair_right1": {
					"rotation": {
						"0.0": {
							"post": ["-20.1587+2*(math.sin(q.anim_time*270+90)*5)", -7.04533, 2.57816],
							"lerp_mode": "catmullrom"
						}
					}
				},
				"arm_right": {
					"rotation": {
						"0.0": {
							"post": ["0-12*(math.sin(q.anim_time*135+10)*2)", "+1*(math.sin(q.anim_time*135-20)*3)", "-50+1*(math.sin(q.anim_time*270-40)*3)"],
							"lerp_mode": "catmullrom"
						}
					}
				},
				"arm_right1": {
					"rotation": {
						"0.0": {
							"post": [0, "+1*(math.sin(q.anim_time*135-20)*3)", "20+6*(math.sin(q.anim_time*270-40)*2)"],
							"lerp_mode": "catmullrom"
						}
					}
				},
				"arm_right2": {
					"rotation": {
						"0.0": {
							"post": [0, "0+1*(math.sin(q.anim_time*135-10)*2)", "37.51-8*(math.sin(q.anim_time*270-20)*2)"],
							"lerp_mode": "catmullrom"
						}
					}
				},
				"arm_right3": {
					"rotation": {
						"0.0": {
							"post": [0, 0, "15-8*(math.sin(q.anim_time*270-20)*2)"],
							"lerp_mode": "catmullrom"
						}
					}
				},
				"skirt_left1": {
					"rotation": {
						"0.0": {
							"post": [0, 0, "-12.5+8*(math.sin(q.anim_time*270-20)*2)"],
							"lerp_mode": "catmullrom"
						}
					}
				},
				"skirt_left2": {
					"rotation": {
						"0.0": {
							"post": [0, 0, -17.5],
							"lerp_mode": "catmullrom"
						}
					}
				},
				"skirt_right": {
					"rotation": {
						"0.0": {
							"post": ["0-5*(math.sin(q.anim_time*135+10)*4)", "0+10*(math.sin(q.anim_time*135-10)*2)", "45-2*(math.sin(q.anim_time*270)*2)"],
							"lerp_mode": "catmullrom"
						}
					}
				},
				"skirt_right1": {
					"rotation": {
						"0.0": {
							"post": [0, 0, "12.5-8*(math.sin(q.anim_time*270-20)*2)"],
							"lerp_mode": "catmullrom"
						}
					}
				},
				"skirt_right2": {
					"rotation": {
						"0.0": {
							"post": [0, 0, "17.5-8*(math.sin(q.anim_time*270+40)*2)"],
							"lerp_mode": "catmullrom"
						}
					}
				},
				"petal1": {
					"rotation": {
						"0.0": {
							"post": ["-9-1.5*(math.sin(q.anim_time*270-90)*3)", 0, 0],
							"lerp_mode": "catmullrom"
						}
					}
				},
				"petal3": {
					"rotation": {
						"0.0": {
							"post": ["-8-1.5*(math.sin(q.anim_time*270-90)*3)", 0, 0],
							"lerp_mode": "catmullrom"
						}
					}
				},
				"petal4": {
					"rotation": {
						"0.0": {
							"post": ["-5-1.5*(math.sin(q.anim_time*270-90)*3)", 0, 0],
							"lerp_mode": "catmullrom"
						}
					}
				},
				"petal5": {
					"rotation": {
						"0.0": {
							"post": ["-7.5-1.5*(math.sin(q.anim_time*270-90)*3)", 0, 0],
							"lerp_mode": "catmullrom"
						}
					}
				},
				"petal6": {
					"rotation": {
						"0.0": {
							"post": ["-5-1.5*(math.sin(q.anim_time*270-90)*3)", 0, 0],
							"lerp_mode": "catmullrom"
						}
					}
				},
				"stamen": {
					"rotation": {
						"0.0": {
							"post": ["0-4*(math.sin(q.anim_time*270)*3)", 0, 0],
							"lerp_mode": "catmullrom"
						}
					}
				},
				"stamen2": {
					"rotation": {
						"0.0": {
							"post": ["0-4*(math.sin(q.anim_time*270)*3)", 0, 0],
							"lerp_mode": "catmullrom"
						}
					}
				},
				"stamen3": {
					"rotation": {
						"0.0": {
							"post": ["0-4*(math.sin(q.anim_time*270)*3)", 0, 0],
							"lerp_mode": "catmullrom"
						}
					}
				},
				"leaf_right2": {
					"rotation": {
						"0.0": {
							"post": [-12.10229, -2.72595, "-32.8173-4*(math.sin(q.anim_time*270-90)*3)"],
							"lerp_mode": "catmullrom"
						}
					},
					"position": {
						"0.0": {
							"post": [-0.43114, -0.26078, -0.00926],
							"lerp_mode": "catmullrom"
						}
					}
				},
				"leaf_left2": {
					"rotation": {
						"0.0": {
							"post": [-0.70498, -0.54272, "2.50931440+4*(math.sin(q.anim_time*270-90)*3)"],
							"lerp_mode": "catmullrom"
						}
					},
					"position": {
						"0.0": {
							"post": [-0.075, -0.2, 0.05],
							"lerp_mode": "catmullrom"
						}
					}
				},
				"petal2": {
					"rotation": {
						"0.0": {
							"post": ["-4-1.5*(math.sin(q.anim_time*270-90)*3)", 0, 0],
							"lerp_mode": "catmullrom"
						}
					}
				},
				"stapen_top": {
					"rotation": {
						"0.0": {
							"post": ["0-1*(math.sin(q.anim_time*270)*3)", 0, 0],
							"lerp_mode": "catmullrom"
						}
					}
				},
				"stapen_top2": {
					"rotation": {
						"0.0": {
							"post": ["0-1*(math.sin(q.anim_time*270)*3)", 0, 0],
							"lerp_mode": "catmullrom"
						}
					}
				},
				"stapen_top3": {
					"rotation": {
						"0.0": {
							"post": ["0-1*(math.sin(q.anim_time*270)*3)", 0, 0],
							"lerp_mode": "catmullrom"
						}
					}
				},
				"hair_back": {
					"rotation": {
						"0.0": {
							"post": ["-4-3*(math.sin(q.anim_time*270-80)*2)", "0+2*(math.sin(q.anim_time*270-80)*1)", 0],
							"lerp_mode": "catmullrom"
						}
					}
				}
			}
		},
		"animation.lilligant_hisui.ground_walk": {
			"loop": true,
			"animation_length": 1,
			"bones": {
				"leg_right": {
					"rotation": {
						"0.0": [-55, 0, 0],
						"0.1667": [-63.33, 0, 0],
						"0.5": [0, 0, 0],
						"0.6667": [10, 0, 0],
						"1.0": [-55, 0, 0]
					}
				},
				"leg_right2": {
					"rotation": {
						"0.0": [65, 0, 0],
						"0.1667": [2.5, 0, 0],
						"0.5": [40, 0, 0],
						"0.6667": [57.5, 0, 0],
						"0.9167": [81.25, 0, 0],
						"1.0": [65, 0, 0]
					}
				},
				"skirt_left": {
					"rotation": {
						"0.0": [0, 0, -30],
						"0.3333": [15, 0, -30],
						"0.4583": [0, 0, -22.5],
						"0.5417": [0, 0, -30],
						"0.8333": [15, 0, -30],
						"0.9583": [0, 0, -22.5],
						"1.0": [0, 0, -26.25]
					}
				},
				"arm_left": {
					"rotation": {
						"0.0": [-7.91304, -40.3893, 36.7669],
						"0.3333": [-10, -40, 40],
						"0.4167": [-15.96225, -38.3107, 49.4287],
						"0.5": [-9.29, -40.1, 38.91],
						"0.5417": [-7.91304, -40.3893, 36.7669],
						"0.8333": [-10, -40, 40],
						"0.9167": [-12.04211, -39.5219, 43.1923],
						"1.0": [-9.29, -40.1, 38.91]
					}
				},
				"necklace": {
					"rotation": {
						"0.0": [0, 0, 0],
						"1.0": [0, 0, 0]
					},
					"position": {
						"0.0": [0, 0, 0],
						"1.0": [0, 0, 0]
					}
				},
				"leg_left": {
					"rotation": {
						"0.0": [0, 0, 0],
						"0.1667": [10, 0, 0],
						"0.5": [-55, 0, 0],
						"0.6667": [-63.33, 0, 0],
						"1.0": [0, 0, 0]
					}
				},
				"foot_right2": {
					"rotation": {
						"0.0": {
							"post": [0, 0, 0],
							"lerp_mode": "catmullrom"
						},
						"0.1667": {
							"post": [27.5, 0, 0],
							"lerp_mode": "catmullrom"
						},
						"0.25": {
							"post": [-10.5, 0, 0],
							"lerp_mode": "catmullrom"
						},
						"0.375": {
							"post": [-2.5, 0, 0],
							"lerp_mode": "catmullrom"
						},
						"0.4583": {
							"post": [40.83, 0, 0],
							"lerp_mode": "catmullrom"
						},
						"0.5417": {
							"post": [12.05, 0, 0],
							"lerp_mode": "catmullrom"
						},
						"1.0": {
							"post": [0, 0, 0],
							"lerp_mode": "catmullrom"
						}
					}
				},
				"leg_left2": {
					"rotation": {
						"0.0": [40, 0, 0],
						"0.1667": [57.5, 0, 0],
						"0.5": [65, 0, 0],
						"0.6667": [2.5, 0, 0],
						"1.0": [40, 0, 0]
					}
				},
				"foot_left2": {
					"rotation": {
						"0.0": [9.86, 0, 0],
						"0.0417": [12.05, 0, 0],
						"0.5": [0, 0, 0],
						"0.6667": [27.5, 0, 0],
						"0.75": [-10.5, 0, 0],
						"0.875": [-2.5, 0, 0],
						"0.9583": [40.83, 0, 0],
						"1.0": [9.86, 0, 0]
					}
				},
				"torso": {
					"rotation": {
						"0.0": {
							"post": [22.5, 0, 0],
							"lerp_mode": "catmullrom"
						},
						"0.375": {
							"post": [17.42287, -1.91134, 4.62111],
							"lerp_mode": "catmullrom"
						},
						"0.5": {
							"post": [22.5, 0, 0],
							"lerp_mode": "catmullrom"
						},
						"0.875": {
							"post": [17.42287, 1.91134, -4.62111],
							"lerp_mode": "catmullrom"
						},
						"1.0": {
							"post": [22.5, 0, 0],
							"lerp_mode": "catmullrom"
						}
					},
					"position": {
						"0.0": [0, 0.24, 0],
						"0.1667": [0, -0.5, 0],
						"0.3333": [0, -0.65, 0],
						"0.375": [0, 0.14, 0],
						"0.4167": [0, 0.62, 0],
						"0.6667": [0, -0.5, 0],
						"0.8333": [0, -0.65, 0],
						"0.875": [0, 0.14, 0],
						"0.9167": [0, 0.62, 0],
						"1.0": [0, 0.24, 0]
					}
				},
				"head": {
					"rotation": {
						"0.0": {
							"post": [-12.5, 0, 0],
							"lerp_mode": "catmullrom"
						},
						"0.25": {
							"post": [-12.5, 0, 0],
							"lerp_mode": "catmullrom"
						},
						"0.3333": {
							"post": [-5, 0, 0],
							"lerp_mode": "catmullrom"
						},
						"0.4167": {
							"post": [-12.5, 0, 0],
							"lerp_mode": "catmullrom"
						},
						"0.8333": {
							"post": [-12.5, 0, 0],
							"lerp_mode": "catmullrom"
						},
						"0.9167": {
							"post": [-5, 0, 0],
							"lerp_mode": "catmullrom"
						},
						"1.0": {
							"post": [-12.5, 0, 0],
							"lerp_mode": "catmullrom"
						}
					}
				},
				"neck": {
					"rotation": {
						"0.0": [0, 0, 0],
						"0.375": [7.5, 0, 0],
						"0.5": [0, 0, 0],
						"0.875": [7.5, 0, 0],
						"1.0": [0, 0, 0]
					},
					"position": {
						"0.0": [-0.1, -0.5, 0],
						"1.0": [-0.1, -0.5, 0]
					}
				},
				"waist": {
					"rotation": {
						"0.0": [-5, 0, 0],
						"0.375": [0.01893, -0.43523, -4.98107],
						"0.5": [-5, 0, 0],
						"0.875": [0.01893, 0.43523, 4.98107],
						"1.0": [-5, 0, 0]
					}
				},
				"sidehair_left": {
					"rotation": {
						"0.0": [8.91253, 22.19912, -22.02884],
						"0.2917": [-2.65874, -7.04533, 2.57816],
						"0.375": [2.78, -7.05, 2.58],
						"0.9167": [11.59486, 18.29924, -18.74766],
						"1.0": [8.91253, 22.19912, -22.02884]
					}
				},
				"sidehair_right": {
					"rotation": {
						"0.0": [-6.71283, -12.44902, 3.36347],
						"0.2917": [3.28717, -12.44902, 3.36347],
						"0.375": [-10.3893, -12.44902, 3.36347],
						"1.0": [-6.71283, -12.44902, 3.36347]
					}
				},
				"arm_left1": {
					"rotation": {
						"0.0": [0, 0, 4.17],
						"0.0417": [0, 0, 0.83],
						"0.0833": [0, 0, -2.5],
						"0.4167": [0, 0, 0],
						"0.5": [0, 0, 7.5],
						"0.5417": [0, 0, 4.17],
						"0.5833": [0, 0, 0.83],
						"0.625": [0, 0, -2.5],
						"0.9167": [0, 0, 0],
						"1.0": [0, 0, 7.5]
					}
				},
				"arm_left2": {
					"rotation": {
						"0.0": [0, 0, 2.5],
						"0.0833": [0, 0, 5],
						"0.1667": [0, 0, -3.33],
						"0.25": [0, 0, -7.5],
						"0.5": [0, 0, 0],
						"0.5833": [0, 0, 2.5],
						"0.6667": [0, 0, 5],
						"0.75": [0, 0, -3.33],
						"0.8333": [0, 0, -7.5],
						"1.0": [0, 0, 0]
					}
				},
				"arm_left3": {
					"rotation": {
						"0.0": [0, 0, 0],
						"0.0833": [0, 0, 7.5],
						"0.1667": [0, 0, -4.17],
						"0.2083": [0, 0, -10],
						"0.5417": [0, 0, 0],
						"0.625": [0, 0, 7.5],
						"0.7083": [0, 0, -4.17],
						"0.75": [0, 0, -10],
						"1.0": [0, 0, 0]
					}
				},
				"necklace_front": {
					"rotation": {
						"0.0": [30, 0, 0],
						"0.1667": [17.5, 0, 0],
						"0.3333": [0, 0, 0],
						"0.4167": [35, 0, 0],
						"0.7083": [17.5, 0, 0],
						"0.875": [0, 0, 0],
						"0.9583": [35, 0, 0],
						"1.0": [32.5, 0, 0]
					}
				},
				"necklace_back": {
					"rotation": {
						"0.0": [-30, 0, 0],
						"0.1667": [-17.5, 0, 0],
						"0.3333": [0, 0, 0],
						"0.4167": [-35, 0, 0],
						"0.7083": [-17.5, 0, 0],
						"0.875": [0, 0, 0],
						"0.9583": [-35, 0, 0],
						"1.0": [-32.5, 0, 0]
					}
				},
				"necklace_right": {
					"rotation": {
						"0.0": [0, 0, -35],
						"0.1667": [0, 0, -17.5],
						"0.3333": [0, 0, 0],
						"0.4167": [0, 0, -35],
						"0.7083": [0, 0, -17.5],
						"0.875": [0, 0, 0],
						"0.9583": [0, 0, -35],
						"1.0": [0, 0, -32.5]
					}
				},
				"sidehair_left1": {
					"rotation": {
						"0.0": [-2.5, 5, 0],
						"0.375": [-5, 5, 0],
						"0.9167": [9.33333, 5, 0],
						"1.0": [-2.5, 5, 0]
					}
				},
				"sidehair_right1": {
					"rotation": {
						"0.0": [-20.15874, -7.04533, 2.57816],
						"0.2917": [-2.65874, -7.04533, 2.57816],
						"0.375": [2.78, -7.05, 2.58],
						"1.0": [-20.15874, -7.04533, 2.57816]
					}
				},
				"arm_right": {
					"rotation": {
						"0.0": [-7.91304, 40.38934, -36.76687],
						"0.3333": [-10, 40, -40],
						"0.4167": [-15.96225, 38.3107, -49.4287],
						"0.5": [-9.29, 40.1, -38.91],
						"0.5417": [-7.91304, 40.38934, -36.76687],
						"0.8333": [-10, 40, -40],
						"0.9167": [-12.04211, 39.52193, -43.19234],
						"1.0": [-9.29, 40.1, -38.91]
					}
				},
				"arm_right1": {
					"rotation": {
						"0.0": [0, 0, -4.17],
						"0.0417": [0, 0, -0.83],
						"0.0833": [0, 0, 2.5],
						"0.4167": [0, 0, 0],
						"0.5": [0, 0, -7.5],
						"0.5417": [0, 0, -4.17],
						"0.5833": [0, 0, -0.83],
						"0.625": [0, 0, 2.5],
						"0.9167": [0, 0, 0],
						"1.0": [0, 0, -7.5]
					}
				},
				"arm_right2": {
					"rotation": {
						"0.0": [0, 0, -2.5],
						"0.0833": [0, 0, -5],
						"0.1667": [0, 0, 3.33],
						"0.25": [0, 0, 7.5],
						"0.5": [0, 0, 0],
						"0.5833": [0, 0, -2.5],
						"0.6667": [0, 0, -5],
						"0.75": [0, 0, 3.33],
						"0.8333": [0, 0, 7.5],
						"1.0": [0, 0, 0]
					}
				},
				"arm_right3": {
					"rotation": {
						"0.0": [0, 0, 0],
						"0.0833": [0, 0, -7.5],
						"0.1667": [0, 0, 4.17],
						"0.2083": [0, 0, 10],
						"0.5417": [0, 0, 0],
						"0.625": [0, 0, -7.5],
						"0.7083": [0, 0, 4.17],
						"0.75": [0, 0, 10],
						"1.0": [0, 0, 1.43]
					}
				},
				"skirt_left1": {
					"rotation": {
						"0.0": [0, 0, 4.17],
						"0.0417": [0, 0, 0.83],
						"0.0833": [0, 0, -2.5],
						"0.4167": [0, 0, 0],
						"0.5": [0, 0, 7.5],
						"0.5417": [0, 0, 4.17],
						"0.5833": [0, 0, 0.83],
						"0.625": [0, 0, -2.5],
						"0.9167": [0, 0, 0],
						"1.0": [0, 0, 7.5]
					}
				},
				"skirt_left2": {
					"rotation": {
						"0.0": [0, 0, 15.32],
						"0.0417": [0, 0, 20],
						"0.2083": [0, 0, -17.5],
						"0.4167": [0, 0, 20],
						"0.7917": [0, 0, -17.5],
						"1.0": [0, 0, 10.63]
					}
				},
				"skirt_right": {
					"rotation": {
						"0.0": [0, 0, 30],
						"0.3333": [15, 0, 30],
						"0.4583": [0, 0, 22.5],
						"0.5417": [0, 0, 30],
						"0.8333": [15, 0, 30],
						"0.9583": [0, 0, 22.5],
						"1.0": [0, 0, 26.25]
					}
				},
				"skirt_right1": {
					"rotation": {
						"0.0": [0, 0, -4.17],
						"0.0417": [0, 0, -0.83],
						"0.0833": [0, 0, 2.5],
						"0.4167": [0, 0, 0],
						"0.5": [0, 0, -7.5],
						"0.5417": [0, 0, -4.17],
						"0.5833": [0, 0, -0.83],
						"0.625": [0, 0, 2.5],
						"0.9167": [0, 0, 0],
						"1.0": [0, 0, -7.5]
					}
				},
				"skirt_right2": {
					"rotation": {
						"0.0": [0, 0, -15.32],
						"0.0417": [0, 0, -20],
						"0.2083": [0, 0, 17.5],
						"0.4167": [0, 0, -20],
						"0.7917": [0, 0, 17.5],
						"1.0": [0, 0, -10.63]
					}
				},
				"petal1": {
					"rotation": {
						"0.0": [-12.5, 0, 0],
						"0.3333": [-5, 0, 0],
						"0.4583": [-17.5, 0, 0],
						"0.875": [-5, 0, 0],
						"1.0": [-13.75, 0, 0]
					}
				},
				"petal3": {
					"rotation": {
						"0.0": [-12.5, 0, 0],
						"0.3333": [-5, 0, 0],
						"0.4583": [-17.5, 0, 0],
						"0.875": [-5, 0, 0],
						"1.0": [-13.75, 0, 0]
					}
				},
				"petal4": {
					"rotation": {
						"0.0": [-12.5, 0, 0],
						"0.3333": [-5, 0, 0],
						"0.4583": [-17.5, 0, 0],
						"0.875": [-5, 0, 0],
						"1.0": [-13.75, 0, 0]
					}
				},
				"petal5": {
					"rotation": {
						"0.0": [-12.5, 0, 0],
						"0.3333": [-5, 0, 0],
						"0.4583": [-17.5, 0, 0],
						"0.875": [-5, 0, 0],
						"1.0": [-13.75, 0, 0]
					}
				},
				"petal6": {
					"rotation": {
						"0.0": [-12.5, 0, 0],
						"0.3333": [-5, 0, 0],
						"0.4583": [-17.5, 0, 0],
						"0.875": [-5, 0, 0],
						"1.0": [-13.75, 0, 0]
					}
				},
				"stamen": {
					"rotation": {
						"0.0": [-12.5, 0, 0],
						"0.3333": [-5, 0, 0],
						"0.4583": [-17.5, 0, 0],
						"0.875": [-5, 0, 0],
						"1.0": [-13.75, 0, 0]
					}
				},
				"stamen2": {
					"rotation": {
						"0.0": [-12.5, 0, 0],
						"0.3333": [-5, 0, 0],
						"0.4583": [-17.5, 0, 0],
						"0.875": [-5, 0, 0],
						"1.0": [-13.75, 0, 0]
					}
				},
				"stamen3": {
					"rotation": {
						"0.0": [-12.5, 0, 0],
						"0.3333": [-5, 0, 0],
						"0.4583": [-17.5, 0, 0],
						"0.875": [-5, 0, 0],
						"1.0": [-13.75, 0, 0]
					}
				},
				"leaf_right2": {
					"rotation": {
						"0.0": {
							"post": [-6.35, -2, -28.93],
							"lerp_mode": "catmullrom"
						},
						"0.0833": {
							"post": [-0.80573, -0.37727, -15.0086],
							"lerp_mode": "catmullrom"
						},
						"0.3333": {
							"post": [-0.80573, -0.37727, -15.0086],
							"lerp_mode": "catmullrom"
						},
						"0.4167": {
							"post": [-12.67763, -3.8407, -44.80533],
							"lerp_mode": "catmullrom"
						},
						"0.5": {
							"post": [-9.07, -2.79, -35.75],
							"lerp_mode": "catmullrom"
						},
						"0.625": {
							"post": [-0.80573, -0.37727, -15.0086],
							"lerp_mode": "catmullrom"
						},
						"0.8333": {
							"post": [-0.80573, -0.37727, -15.0086],
							"lerp_mode": "catmullrom"
						},
						"0.9167": {
							"post": [-12.67763, -3.8407, -44.80533],
							"lerp_mode": "catmullrom"
						},
						"1.0": {
							"post": [-9.07, -2.79, -35.75],
							"lerp_mode": "catmullrom"
						}
					},
					"position": {
						"0.0": [-0.43114, -0.26078, -0.00926],
						"1.0": [-0.43114, -0.26078, -0.00926]
					}
				},
				"leaf_left2": {
					"rotation": {
						"0.0": {
							"post": [-6.35, -2, 28.93],
							"lerp_mode": "catmullrom"
						},
						"0.0833": {
							"post": [-0.80573, -0.37727, 15.0086],
							"lerp_mode": "catmullrom"
						},
						"0.3333": {
							"post": [-0.80573, -0.37727, 15.0086],
							"lerp_mode": "catmullrom"
						},
						"0.4167": {
							"post": [-11.8369, -5.96893, 34.99782],
							"lerp_mode": "catmullrom"
						},
						"0.5": {
							"post": [-9.07, -2.79, 35.75],
							"lerp_mode": "catmullrom"
						},
						"0.625": {
							"post": [-0.80573, -0.37727, 15.0086],
							"lerp_mode": "catmullrom"
						},
						"0.8333": {
							"post": [-0.80573, -0.37727, 15.0086],
							"lerp_mode": "catmullrom"
						},
						"0.9167": {
							"post": [-11.8369, -5.96893, 34.99782],
							"lerp_mode": "catmullrom"
						},
						"1.0": {
							"post": [-9.07, -2.79, 35.75],
							"lerp_mode": "catmullrom"
						}
					},
					"position": {
						"0.0": [-0.075, -0.2, 0.05],
						"1.0": [-0.075, -0.2, 0.05]
					}
				},
				"petal2": {
					"rotation": {
						"0.0": [-12.5, 0, 0],
						"0.3333": [-5, 0, 0],
						"0.4583": [-17.5, 0, 0],
						"0.875": [-5, 0, 0],
						"1.0": [-13.75, 0, 0]
					}
				},
				"hair_back": {
					"rotation": {
						"0.0": [6, 0, 0],
						"0.125": [0, 0, 0],
						"0.25": [0, 0, 0],
						"0.375": [-10.00933, 2.462, -0.43439],
						"0.5": [7.5, 0, 0],
						"0.5417": [6, 0, 0],
						"0.7083": [0, 0, 0],
						"0.875": [-10.00933, 2.462, -0.43439],
						"1.0": [7.5, 0, 0]
					}
				},
				"stapen_top": {
					"rotation": {
						"0.0": [-12.5, 0, 0],
						"0.3333": [-5, 0, 0],
						"0.4583": [-17.5, 0, 0],
						"0.875": [-5, 0, 0],
						"1.0": [-13.75, 0, 0]
					}
				},
				"stapen_top2": {
					"rotation": {
						"0.0": [-12.5, 0, 0],
						"0.3333": [-5, 0, 0],
						"0.4583": [-17.5, 0, 0],
						"0.875": [-5, 0, 0],
						"1.0": [-13.75, 0, 0]
					}
				},
				"stapen_top3": {
					"rotation": {
						"0.0": [-12.5, 0, 0],
						"0.3333": [-5, 0, 0],
						"0.4583": [-17.5, 0, 0],
						"0.875": [-5, 0, 0],
						"1.0": [-13.75, 0, 0]
					}
				},
				"stigma": {
					"position": {
						"0.0": [0, -0.1, 0],
						"0.375": [0, 0, 0],
						"0.4167": [0, -0.1, 0],
						"0.4583": [0, -0.2, 0],
						"0.75": [0, 0, 0],
						"0.9583": [0, 0, 0],
						"1.0": [0, -0.1, 0]
					}
				}
			}
		},
		"animation.lilligant_hisui.dex": {
			"loop": true,
			"bones": {
				"leg_right": {
					"rotation": [-7.94715, 18.52518, -14.75798],
					"position": [0.5, -0.5, -0.5]
				},
				"leg_right2": {
					"rotation": [14.94327, -0.31203, 8.1071]
				},
				"foot_right": {
					"rotation": [-1.92006, 0.05158, 1.86329]
				},
				"skirt_left": {
					"rotation": [0, 0, -30]
				},
				"arm_left": {
					"rotation": [1.90499, -14.57363, 64.57819]
				},
				"necklace": {
					"rotation": [0, 0, 0],
					"position": [0, 0, 0]
				},
				"leg_left": {
					"rotation": [10.00933, -2.462, 14.56561],
					"position": [-0.3, -0.5, 0.5]
				},
				"foot_right2": {
					"rotation": [-10, 0, 0]
				},
				"leg_left2": {
					"rotation": [95.90285, -77.04436, -93.6757]
				},
				"foot_left": {
					"rotation": [0, 0, -2.5]
				},
				"foot_left2": {
					"rotation": [-2.5, 0, 0]
				},
				"torso": {
					"rotation": [-1.29717, 4.82922, -0.0547],
					"position": [0, 0, 0]
				},
				"head": {
					"rotation": [0, 0, 2.5]
				},
				"neck": {
					"rotation": [0, 0, 7.5],
					"position": [-0.1, -0.5, 0]
				},
				"waist": {
					"rotation": [0, 0, 0]
				},
				"sidehair_left": {
					"rotation": [1.41253, 22.19912, -22.02884]
				},
				"sidehair_right": {
					"rotation": [-6.71283, -12.44902, 3.36347]
				},
				"arm_left1": {
					"rotation": [0, 0, -30]
				},
				"arm_left2": {
					"rotation": [0, 0, -15]
				},
				"arm_left3": {
					"rotation": [0, 0, -20]
				},
				"necklace_front": {
					"rotation": [37.5, 0, 0]
				},
				"necklace_back": {
					"rotation": [-22.5, 0, 0]
				},
				"necklace_left": {
					"rotation": [-0.21803, 2.49048, 7.49526]
				},
				"necklace_right": {
					"rotation": [0, 0, -35]
				},
				"sidehair_left1": {
					"rotation": [0, 5, 0]
				},
				"sidehair_right1": {
					"rotation": [-20.15874, -7.04533, 2.57816]
				},
				"arm_right": {
					"rotation": [13.06431, -7.43547, -60.85257]
				},
				"arm_right1": {
					"rotation": [0, 0, 20]
				},
				"arm_right2": {
					"rotation": [0, 0, 37.5]
				},
				"arm_right3": {
					"rotation": [0, 0, 15]
				},
				"skirt_left1": {
					"rotation": [0, 0, -15]
				},
				"skirt_left2": {
					"rotation": [0, 0, -17.5]
				},
				"skirt_right": {
					"rotation": [0, 0, 20]
				},
				"skirt_right1": {
					"rotation": [0, 0, 12.5]
				},
				"skirt_right2": {
					"rotation": [0, 0, 17.5]
				},
				"petal1": {
					"rotation": [-9, 0, 0]
				},
				"petal3": {
					"rotation": [-8, 0, 0]
				},
				"petal4": {
					"rotation": [-5, 0, 0]
				},
				"petal5": {
					"rotation": [-7.5, 0, 0]
				},
				"petal6": {
					"rotation": [-5, 0, 0]
				},
				"stamen": {
					"rotation": [0, 0, 0]
				},
				"stamen2": {
					"rotation": [0, 0, 0]
				},
				"stamen3": {
					"rotation": [0, 0, 0]
				},
				"leaf_right2": {
					"rotation": [-12.10229, -2.72595, -32.81729],
					"position": [-0.43114, -0.26078, -0.00926]
				},
				"leaf_left2": {
					"rotation": [-0.70498, -0.54272, 2.50931],
					"position": [-0.075, -0.2, 0.05]
				},
				"petal2": {
					"rotation": [-4, 0, 0]
				}
			}
		},
		"animation.lilligant_hisui.scale": {
			"loop": true,
			"bones": {
				"torso": {
					"position": [0, -4.5, 0],
					"scale": 0.8
				}
			}
		}
	}
}