{
  "head": "head",
  "portraitScale": 1.4,
  "portraitTranslation": [ 0, 0.7, 0 ],
  "profileScale": 0.9,
  "profileTranslation": [ 0, 0.5, 0 ],
  "poses": {
    "standing": {
      "poseName": "standing",
      "transformTicks": 10,
      "poseTypes": [
        "STAND",
		"PROFILE",
		"NONE"
      ],
	"animations": [
		"look",
        "bedrock(lilligant, ground_idle)"
      ]
  },
  	 "walking": {
      "poseName": "walking",
      "transformTicks": 10,
      "poseTypes": [
        "WALK"
      ],
      "animations": [
		"look",
        "bedrock(lilligant, ground_walk)"
      ]
  },
	"portrait": {
      "poseName": "portrait",
      "transformTicks": 10,
      "poseTypes": [
        "PORTRAIT"
      ],
      "animations": [
        "bedrock(lilligant, dex)"
      ]
    }
}
}
