{
	"format_version": "1.8.0",
	"animations": {
		"animation.fomantis.faint": {
			"animation_length": 3,
			"bones": {
				"body": {
					"rotation": {
						"0.0": [0, 0, 0],
						"0.25": [-2.5, 0, 5],
						"0.5": [17.49294, -0.32621, 7.47864],
						"0.625": [24.61489, 4.32808, -4.12049],
						"0.8333": [-3.31271, 6.39479, -8.69364],
						"1.0833": [7.8183, 0, 0],
						"1.1667": [27.82, 0, 0],
						"1.25": [47.82, 0, 0],
						"1.4583": [78.24, 0, 0],
						"1.5": [75.74, 0, 0],
						"1.5833": [78.24, 0, 0]
					},
					"position": {
						"0.0": [0, 0, 0],
						"0.4167": [0, 0.3, 0],
						"0.5": [0, 0.47, 0],
						"0.625": [0, 0.68, 0],
						"0.75": [0, 0.42, 0],
						"0.8333": [0, 0.44, 0],
						"1.0833": [0, 0.11, 0],
						"1.1667": [0, 0.6, 0],
						"1.25": [0, 0.75, 0.25],
						"1.2917": [0, 1, 0.45],
						"1.3333": [0, 1.3, 0.45],
						"1.375": [0, 1.4, 0.45],
						"1.4583": [0, 1.9, 0.45]
					}
				},
				"arm_left": {
					"rotation": {
						"0.0": {
							"post": [45, 40, 60],
							"lerp_mode": "catmullrom"
						},
						"0.25": {
							"post": [48.24248, 43.43662, 64.86865],
							"lerp_mode": "catmullrom"
						},
						"0.4167": {
							"post": [45.87614, 38.43983, 57.45485],
							"lerp_mode": "catmullrom"
						},
						"0.5": {
							"post": [75.87614, 38.43983, 57.45485],
							"lerp_mode": "catmullrom"
						},
						"0.6667": {
							"post": [54.70254, 44.70274, 51.92924],
							"lerp_mode": "catmullrom"
						},
						"0.7917": {
							"post": [40.88763, 34.0892, 38.13956],
							"lerp_mode": "catmullrom"
						},
						"0.9583": {
							"post": [42.51724, 25.37349, 40.75634],
							"lerp_mode": "catmullrom"
						},
						"1.125": {
							"post": [48.56681, 21.6443, 37.12313],
							"lerp_mode": "catmullrom"
						},
						"1.25": {
							"post": [76.77669, 11.92225, 39.5724],
							"lerp_mode": "catmullrom"
						},
						"1.375": {
							"post": [76.78, 11.92, 39.57],
							"lerp_mode": "catmullrom"
						},
						"1.4583": {
							"post": [77.01713, -5.1313, 43.52916],
							"lerp_mode": "catmullrom"
						},
						"1.5": {
							"post": [77.0555, -2.695, 42.96705],
							"lerp_mode": "catmullrom"
						}
					}
				},
				"arm_left2": {
					"rotation": {
						"0.0": [0, 0, 37.5],
						"1.5": [0, 0, 45],
						"1.6667": [0, 0, 0]
					}
				},
				"arm_right": {
					"rotation": {
						"0.0": {
							"post": [45, -40, -60],
							"lerp_mode": "catmullrom"
						},
						"0.25": {
							"post": [39.75075, -36.13387, -51.23632],
							"lerp_mode": "catmullrom"
						},
						"0.4167": {
							"post": [43.48754, -31.14593, -57.97002],
							"lerp_mode": "catmullrom"
						},
						"0.5": {
							"post": [58.48754, -31.14593, -57.97002],
							"lerp_mode": "catmullrom"
						},
						"0.6667": {
							"post": [50.14118, -27.06218, -67.16289],
							"lerp_mode": "catmullrom"
						},
						"0.7917": {
							"post": [45.15315, -27.55331, -55.25131],
							"lerp_mode": "catmullrom"
						},
						"0.9583": {
							"post": [45.57817, -11.70419, -53.26745],
							"lerp_mode": "catmullrom"
						},
						"1.125": {
							"post": [54.95504, -8.18397, -49.66188],
							"lerp_mode": "catmullrom"
						},
						"1.25": {
							"post": [66.69989, -2.37804, -41.48158],
							"lerp_mode": "catmullrom"
						},
						"1.375": {
							"post": [66.7, -2.38, -41.48],
							"lerp_mode": "catmullrom"
						},
						"1.4583": {
							"post": [66.54639, 6.80283, -45.44647],
							"lerp_mode": "catmullrom"
						},
						"1.5": {
							"post": [66.64475, 4.50846, -44.44864],
							"lerp_mode": "catmullrom"
						}
					}
				},
				"arm_right2": {
					"rotation": {
						"0.0": [0, 0, -37.5],
						"0.6667": [0, 0, -50],
						"0.7917": [0, 0, -27.5],
						"1.125": [2.5, 0, -40],
						"1.25": [0, 0, -40],
						"1.5": [0, 0, -47.5],
						"1.6667": [0, 0, -2.5]
					}
				},
				"wing_left": {
					"rotation": {
						"0.0": [0, 0, 0],
						"0.25": [0, 0, 1],
						"0.3333": [6, 0, 1],
						"0.5": [7.99248, -0.34782, 3.4757],
						"0.625": [5.98527, 0.48681, -2.46602],
						"0.7083": [0.96768, 0.5209, -4.46581],
						"0.8333": [0.97, 0.52, -4.47],
						"0.9167": [5.99159, -0.10574, 1.49735],
						"1.0833": [5.99164, 0.10305, -0.49172],
						"1.125": [5.9843, -0.3144, 3.48645],
						"1.2083": [19.97794, -0.4186, 4.48103],
						"1.3333": [24.97794, -0.4186, 4.48103],
						"1.4167": [19.97794, -0.4186, 4.48103],
						"1.4583": [24.97794, -0.4186, 4.48103],
						"1.5": [22.47794, -0.4186, 4.48103],
						"1.7083": [0, 0, 0]
					}
				},
				"wing_right": {
					"rotation": {
						"0.0": [0, 0, 0],
						"0.25": [0, 0, 1],
						"0.3333": [6, 0, 1],
						"0.5": [7.99248, -0.34782, 3.4757],
						"0.625": [5.98527, 0.48681, -2.46602],
						"0.7083": [0.96768, 0.5209, -4.46581],
						"0.8333": [0.97, 0.52, -4.47],
						"0.9167": [5.99159, -0.10574, 1.49735],
						"1.0833": [5.99164, 0.10305, -0.49172],
						"1.125": [5.9843, -0.3144, 3.48645],
						"1.2083": [19.97794, -0.4186, 4.48103],
						"1.3333": [24.97794, -0.4186, 4.48103],
						"1.4167": [19.97794, -0.4186, 4.48103],
						"1.4583": [24.97794, -0.4186, 4.48103],
						"1.5": [22.47794, -0.4186, 4.48103],
						"1.7083": [0, 0, 0]
					}
				},
				"head": {
					"rotation": {
						"0.0": [0, 0, 0],
						"0.25": [-5.24908, -0.69005, -7.46837],
						"0.3333": [-12.017, -0.64077, -6.93491],
						"0.4583": [-21.59196, -0.56683, -6.13473],
						"0.5833": [-22.57349, 2.39659, 1.58819],
						"0.6667": [-23.32, 2.16, 1.43],
						"0.75": [-8.86289, 2.69943, 6.21404],
						"0.8333": [13.49497, 2.362, 5.43729],
						"0.9167": [6.82264, 3.25536, -5.2742],
						"1.125": [-8.52, 1.9, -3.08],
						"1.25": [-32.72571, 1.08571, -1.76],
						"1.4167": [-30, 0, 0],
						"1.4583": [-45, 0, 0]
					}
				},
				"eye_left": {
					"rotation": [0, 0, -5],
					"scale": {
						"0.0": [1, 1, 1],
						"0.5": [1, 0.1, 1]
					}
				},
				"eye_right": {
					"rotation": {
						"0.0": {
							"post": [0, 0, 5],
							"lerp_mode": "catmullrom"
						}
					},
					"scale": {
						"0.0": [1, 1, 1],
						"0.5": [1, 0.1, 1]
					}
				},
				"bulb": {
					"rotation": {
						"0.0": [0, 0, 0],
						"0.2917": [0, 0, -7.5],
						"0.4583": [-5, 0, -7.5],
						"0.5833": [-4.66569, 4.20854, 1.57947],
						"0.6667": [0.18803, 3.1622, -0.69577],
						"0.7917": [10.87723, 4.81116, 9.19167],
						"0.875": [10.06119, 2.73337, -3.16198],
						"0.9583": [9.69614, 0.08267, -17.93172],
						"1.125": [-0.22611, 1.81545, -13.24076],
						"1.2917": [-7.31286, 5.28474, -6.57757],
						"1.5": [-17.5, 0, 0],
						"1.75": [0, 0, 0]
					}
				},
				"foot_right": {
					"rotation": {
						"0.0": [0, 0, 0],
						"0.25": [0, 0, -7.5],
						"0.4167": [-24.97911, 1.05627, -5.23397],
						"0.5": [-34.97911, 1.05627, -5.23397],
						"0.625": [-22.00044, 4.84939, 4.03275],
						"0.75": [-9.50044, 4.84939, 4.03275],
						"0.875": [-4.50044, 4.84939, 4.03275],
						"1.0": [-5.09412, 4.22126, -3.46445],
						"1.0833": [-4.28473, 5.04089, 6.53472],
						"1.125": [-16.67934, -2.09782, -1.14533],
						"1.2083": [13.32066, -2.09782, -1.14533],
						"1.3333": [25.80232, -2.41274, -1.28453],
						"1.4583": [25.8, -2.41, -1.28],
						"1.5417": [38.3, -2.41, -1.28],
						"1.625": [-11.7, -2.41, -1.28]
					},
					"position": {
						"0.5": [0.02969, -0.08606, -0.55155],
						"1.125": [0.03, 0.06, -0.05],
						"1.3333": [0.03, -0.04, 0.05]
					}
				},
				"foot_left": {
					"rotation": {
						"0.0": [0, 0, 0],
						"0.2083": [0, 0, -17.5],
						"0.375": [-7.47178, 0.65182, -12.54256],
						"0.5417": [-19.97178, 0.65182, -12.54256],
						"0.6667": [-19.18262, 5.70372, 1.60761],
						"0.75": [8.31738, 5.70372, 1.60761],
						"0.875": [-0.1888, 5.75871, -8.4426],
						"1.0": [0.31551, 5.75318, -3.41725],
						"1.125": [-17.18449, 5.75318, -3.41725],
						"1.25": [27.81551, 5.75318, -3.41725],
						"1.4583": [27.82, 5.75, -3.42],
						"1.5417": [40.32, 5.75, -3.42],
						"1.625": [-12.18, 5.75, -3.42],
						"1.75": [-12.18, 5.75, -3.42]
					}
				},
				"eyelid_left": {
					"rotation": [0, 0, 17.5],
					"position": [-0.15, 0.325, -0.25],
					"scale": [1.3, 1, 1]
				},
				"eyelid_right": {
					"rotation": [0, 0, -17.5],
					"position": [0.15, 0.325, -0.25],
					"scale": [1.3, 1, 1]
				},
				"eye_left_shine": {
					"position": [0, -0.99905, -0.02179],
					"scale": [0.8, 0.8, 1]
				},
				"eye_left_iris": {
					"rotation": {
						"0.0": {
							"post": [0, 0, -5],
							"lerp_mode": "catmullrom"
						}
					},
					"position": {
						"0.0": {
							"post": [-0.25, 0, 0],
							"lerp_mode": "catmullrom"
						}
					},
					"scale": {
						"0.0": {
							"post": [1.5, 0.8, 1],
							"lerp_mode": "catmullrom"
						}
					}
				},
				"eye_right_shine": {
					"position": [-1, -0.99905, -0.02179],
					"scale": [0.8, 0.8, 1]
				},
				"eye_right_iris": {
					"rotation": {
						"0.0": {
							"post": [0, 0, 5],
							"lerp_mode": "catmullrom"
						}
					},
					"position": {
						"0.0": {
							"post": [0.25, 0, 0],
							"lerp_mode": "catmullrom"
						}
					},
					"scale": {
						"0.0": {
							"post": [1.5, 0.8, 1],
							"lerp_mode": "catmullrom"
						}
					}
				}
			}
		},
		"animation.fomantis.cry": {
			"animation_length": 1.5,
			"bones": {
				"head": {
					"rotation": {
						"0.0": [0, 0, 0],
						"0.375": [7.5, 0, 0],
						"0.5": [-5, 0, 0],
						"0.5417": [-2.5, 0, 0],
						"0.5833": [-5, 0, 0],
						"0.625": [-2.5, 0, 0],
						"0.6667": [-5, 0, 0],
						"0.7083": [-2.5, 0, 0],
						"0.75": [-5, 0, 0],
						"0.7917": [-2.5, 0, 0],
						"0.8333": [-5, 0, 0],
						"0.875": [-2.5, 0, 0],
						"0.9167": [-5, 0, 0],
						"0.9583": [-2.5, 0, 0],
						"1.0": [-5, 0, 0],
						"1.0417": [-2.5, 0, 0],
						"1.0833": [-5, 0, 0],
						"1.125": [-2.5, 0, 0],
						"1.1667": [-5, 0, 0],
						"1.5": [0, 0, 0]
					}
				},
				"neck_front_right": {
					"rotation": {
						"0.0": [0, 0, 0],
						"0.3333": [-5, 0, 0],
						"0.4583": [10, 0, 0],
						"0.5": [2.5, 0, 0],
						"0.5417": [5, 0, 0],
						"0.5833": [-2.5, 0, 0],
						"0.625": [2.5, 0, 0],
						"0.6667": [5, 0, 0],
						"0.7083": [-2.5, 0, 0],
						"0.75": [10, 0, 0],
						"0.7917": [2.5, 0, 0],
						"0.8333": [5, 0, 0],
						"0.875": [-2.5, 0, 0],
						"0.9167": [10, 0, 0],
						"0.9583": [2.5, 0, 0],
						"1.0": [5, 0, 0],
						"1.0417": [-2.5, 0, 0],
						"1.0833": [10, 0, 0],
						"1.5": [0, 0, 0]
					}
				},
				"neck_back_right": {
					"rotation": {
						"0.0": [0, 0, 0],
						"0.3333": [-5, 0, 0],
						"0.4583": [-9.46, 0, 0],
						"0.5": [-4.08, 0, 0],
						"0.5417": [-6.41, 0, 0],
						"0.5833": [1.37, 0, 0],
						"0.625": [-1.19, 0, 0],
						"0.6667": [-9.46, 0, 0],
						"0.7083": [-4.08, 0, 0],
						"0.75": [-6.41, 0, 0],
						"0.7917": [1.37, 0, 0],
						"0.8333": [-1.19, 0, 0],
						"0.875": [-9.46, 0, 0],
						"0.9167": [-4.08, 0, 0],
						"0.9583": [-6.41, 0, 0],
						"1.0": [1.37, 0, 0],
						"1.0417": [-1.19, 0, 0],
						"1.0833": [-9.46, 0, 0],
						"1.5": [0, 0, 0]
					}
				},
				"neck_front_mid": {
					"rotation": {
						"0.0": [0, 0, 0],
						"0.3333": [-5, 0, 0],
						"0.5": [10, 0, 0],
						"0.5417": [2.5, 0, 0],
						"0.5833": [5, 0, 0],
						"0.625": [-2.5, 0, 0],
						"0.6667": [2.5, 0, 0],
						"0.7083": [5, 0, 0],
						"0.75": [-2.5, 0, 0],
						"0.7917": [10, 0, 0],
						"0.8333": [2.5, 0, 0],
						"0.875": [5, 0, 0],
						"0.9167": [-2.5, 0, 0],
						"0.9583": [10, 0, 0],
						"1.0": [2.5, 0, 0],
						"1.0417": [5, 0, 0],
						"1.0833": [-2.5, 0, 0],
						"1.125": [10, 0, 0],
						"1.5": [0, 0, 0]
					}
				},
				"neck_back_mid": {
					"rotation": {
						"0.0": [0, 0, 0],
						"0.375": [-5, 0, 0],
						"0.5": [-9.46, 0, 0],
						"0.5417": [-4.08, 0, 0],
						"0.5833": [-6.41, 0, 0],
						"0.625": [1.37, 0, 0],
						"0.6667": [-1.19, 0, 0],
						"0.7083": [-9.46, 0, 0],
						"0.75": [-4.08, 0, 0],
						"0.7917": [-6.41, 0, 0],
						"0.8333": [1.37, 0, 0],
						"0.875": [-1.19, 0, 0],
						"0.9167": [-9.46, 0, 0],
						"0.9583": [-4.08, 0, 0],
						"1.0": [-6.41, 0, 0],
						"1.0417": [1.37, 0, 0],
						"1.0833": [-1.19, 0, 0],
						"1.125": [-9.46, 0, 0],
						"1.5": [0, 0, 0]
					}
				},
				"arm_left": {
					"rotation": {
						"0.0": {
							"post": [0, 0, 0],
							"lerp_mode": "catmullrom"
						},
						"0.3333": {
							"post": [101.82466, 81.3201, 110.2129],
							"lerp_mode": "catmullrom"
						},
						"0.5": {
							"post": [0, 0, 0],
							"lerp_mode": "catmullrom"
						},
						"0.625": {
							"post": [0, 0, 0],
							"lerp_mode": "catmullrom"
						},
						"0.6667": {
							"post": [0, 7.5, 0],
							"lerp_mode": "catmullrom"
						},
						"0.7083": {
							"post": [0, 0, 0],
							"lerp_mode": "catmullrom"
						},
						"0.75": {
							"post": [0, 7.5, 0],
							"lerp_mode": "catmullrom"
						},
						"0.7917": {
							"post": [0, 0, 0],
							"lerp_mode": "catmullrom"
						},
						"0.8333": {
							"post": [0, 7.5, 0],
							"lerp_mode": "catmullrom"
						},
						"0.875": {
							"post": [0, 0, 0],
							"lerp_mode": "catmullrom"
						},
						"0.9167": {
							"post": [0, 7.5, 0],
							"lerp_mode": "catmullrom"
						},
						"0.9583": {
							"post": [0, 0, 0],
							"lerp_mode": "catmullrom"
						},
						"1.0": {
							"post": [0, 7.5, 0],
							"lerp_mode": "catmullrom"
						},
						"1.0417": {
							"post": [0, 0, 0],
							"lerp_mode": "catmullrom"
						},
						"1.0833": {
							"post": [0, 7.5, 0],
							"lerp_mode": "catmullrom"
						},
						"1.125": {
							"post": [0, 0, 0],
							"lerp_mode": "catmullrom"
						},
						"1.25": {
							"post": [0, 0, 0],
							"lerp_mode": "catmullrom"
						},
						"1.5": {
							"post": [0, 0, 0],
							"lerp_mode": "catmullrom"
						}
					}
				},
				"arm_left2": {
					"rotation": {
						"0.0": {
							"post": [0, 0, 0],
							"lerp_mode": "catmullrom"
						},
						"0.5": {
							"post": [0, 0, 37.5],
							"lerp_mode": "catmullrom"
						},
						"0.6667": {
							"post": [0, 0, 25],
							"lerp_mode": "catmullrom"
						},
						"0.7083": {
							"post": [0, 0, 30],
							"lerp_mode": "catmullrom"
						},
						"0.75": {
							"post": [0, 0, 25],
							"lerp_mode": "catmullrom"
						},
						"0.8333": {
							"post": [0, 0, 25],
							"lerp_mode": "catmullrom"
						},
						"0.875": {
							"post": [0, 0, 30],
							"lerp_mode": "catmullrom"
						},
						"0.9167": {
							"post": [0, 0, 25],
							"lerp_mode": "catmullrom"
						},
						"1.0": {
							"post": [0, 0, 25],
							"lerp_mode": "catmullrom"
						},
						"1.0417": {
							"post": [0, 0, 30],
							"lerp_mode": "catmullrom"
						},
						"1.0833": {
							"post": [0, 0, 25],
							"lerp_mode": "catmullrom"
						},
						"1.5": {
							"post": [0, 0, 0],
							"lerp_mode": "catmullrom"
						}
					}
				},
				"arm_right": {
					"rotation": {
						"0.0": {
							"post": [0, 0, 0],
							"lerp_mode": "catmullrom"
						},
						"0.3333": {
							"post": [101.82466, -81.3201, -110.2129],
							"lerp_mode": "catmullrom"
						},
						"0.5": {
							"post": [0, 0, 0],
							"lerp_mode": "catmullrom"
						},
						"0.625": {
							"post": [0, 0, 0],
							"lerp_mode": "catmullrom"
						},
						"0.6667": {
							"post": [0, -7.5, 0],
							"lerp_mode": "catmullrom"
						},
						"0.7083": {
							"post": [0, 0, 0],
							"lerp_mode": "catmullrom"
						},
						"0.75": {
							"post": [0, -7.5, 0],
							"lerp_mode": "catmullrom"
						},
						"0.7917": {
							"post": [0, 0, 0],
							"lerp_mode": "catmullrom"
						},
						"0.8333": {
							"post": [0, -7.5, 0],
							"lerp_mode": "catmullrom"
						},
						"0.875": {
							"post": [0, 0, 0],
							"lerp_mode": "catmullrom"
						},
						"0.9167": {
							"post": [0, -7.5, 0],
							"lerp_mode": "catmullrom"
						},
						"0.9583": {
							"post": [0, 0, 0],
							"lerp_mode": "catmullrom"
						},
						"1.0": {
							"post": [0, -7.5, 0],
							"lerp_mode": "catmullrom"
						},
						"1.0417": {
							"post": [0, 0, 0],
							"lerp_mode": "catmullrom"
						},
						"1.0833": {
							"post": [0, -7.5, 0],
							"lerp_mode": "catmullrom"
						},
						"1.125": {
							"post": [0, 0, 0],
							"lerp_mode": "catmullrom"
						},
						"1.25": {
							"post": [0, 0, 0],
							"lerp_mode": "catmullrom"
						},
						"1.5": {
							"post": [0, 0, 0],
							"lerp_mode": "catmullrom"
						}
					}
				},
				"arm_right2": {
					"rotation": {
						"0.0": {
							"post": [0, 0, 0],
							"lerp_mode": "catmullrom"
						},
						"0.5": {
							"post": [0, 0, -37.5],
							"lerp_mode": "catmullrom"
						},
						"0.6667": {
							"post": [0, 0, -25],
							"lerp_mode": "catmullrom"
						},
						"0.7083": {
							"post": [0, 0, -30],
							"lerp_mode": "catmullrom"
						},
						"0.75": {
							"post": [0, 0, -25],
							"lerp_mode": "catmullrom"
						},
						"0.8333": {
							"post": [0, 0, -25],
							"lerp_mode": "catmullrom"
						},
						"0.875": {
							"post": [0, 0, -30],
							"lerp_mode": "catmullrom"
						},
						"0.9167": {
							"post": [0, 0, -25],
							"lerp_mode": "catmullrom"
						},
						"1.0": {
							"post": [0, 0, -25],
							"lerp_mode": "catmullrom"
						},
						"1.0417": {
							"post": [0, 0, -30],
							"lerp_mode": "catmullrom"
						},
						"1.0833": {
							"post": [0, 0, -25],
							"lerp_mode": "catmullrom"
						},
						"1.5": {
							"post": [0, 0, 0],
							"lerp_mode": "catmullrom"
						}
					}
				},
				"neck_front_left": {
					"rotation": {
						"0.0": [0, 0, 0],
						"0.3333": [-5, 0, 0],
						"0.4583": [10, 0, 0],
						"0.5": [2.5, 0, 0],
						"0.5417": [5, 0, 0],
						"0.5833": [-2.5, 0, 0],
						"0.625": [2.5, 0, 0],
						"0.6667": [5, 0, 0],
						"0.7083": [-2.5, 0, 0],
						"0.75": [10, 0, 0],
						"0.7917": [2.5, 0, 0],
						"0.8333": [5, 0, 0],
						"0.875": [-2.5, 0, 0],
						"0.9167": [10, 0, 0],
						"0.9583": [2.5, 0, 0],
						"1.0": [5, 0, 0],
						"1.0417": [-2.5, 0, 0],
						"1.0833": [10, 0, 0],
						"1.5": [0, 0, 0]
					}
				},
				"neck_back_left": {
					"rotation": {
						"0.0": [0, 0, 0],
						"0.3333": [-5, 0, 0],
						"0.4583": [-9.46, 0, 0],
						"0.5": [-4.08, 0, 0],
						"0.5417": [-6.41, 0, 0],
						"0.5833": [1.37, 0, 0],
						"0.625": [-1.19, 0, 0],
						"0.6667": [-9.46, 0, 0],
						"0.7083": [-4.08, 0, 0],
						"0.75": [-6.41, 0, 0],
						"0.7917": [1.37, 0, 0],
						"0.8333": [-1.19, 0, 0],
						"0.875": [-9.46, 0, 0],
						"0.9167": [-4.08, 0, 0],
						"0.9583": [-6.41, 0, 0],
						"1.0": [1.37, 0, 0],
						"1.0417": [-1.19, 0, 0],
						"1.0833": [-9.46, 0, 0],
						"1.5": [0, 0, 0]
					}
				},
				"body": {
					"rotation": {
						"0.0": {
							"post": [0, 0, 0],
							"lerp_mode": "catmullrom"
						},
						"0.3333": {
							"post": [20, 0, 0],
							"lerp_mode": "catmullrom"
						},
						"0.5": {
							"post": [-10, 0, 0],
							"lerp_mode": "catmullrom"
						},
						"1.25": {
							"post": [-10, 0, 0],
							"lerp_mode": "catmullrom"
						},
						"1.5": {
							"post": [0, 0, 0],
							"lerp_mode": "catmullrom"
						}
					},
					"position": {
						"0.0": {
							"post": [0, 0, 0],
							"lerp_mode": "catmullrom"
						},
						"0.3333": {
							"post": [0, 0.25, 0.5],
							"lerp_mode": "catmullrom"
						},
						"0.5": {
							"post": [0, -0.075, -0.25],
							"lerp_mode": "catmullrom"
						},
						"1.25": {
							"post": [0, -0.075, -0.25],
							"lerp_mode": "catmullrom"
						},
						"1.5": {
							"post": [0, 0, 0],
							"lerp_mode": "catmullrom"
						}
					},
					"scale": {
						"0.0": [1, 1, 1],
						"0.4583": [1, 1, 1],
						"0.5": [1.01, 1.01, 1.01],
						"0.5417": [1, 1, 1],
						"0.5833": [1.01, 1.01, 1.01],
						"0.625": [1, 1, 1],
						"0.6667": [1.01, 1.01, 1.01],
						"0.7083": [1, 1, 1],
						"0.75": [1.01, 1.01, 1.01],
						"0.7917": [1, 1, 1],
						"0.8333": [1.01, 1.01, 1.01],
						"0.875": [1, 1, 1],
						"0.9167": [1.01, 1.01, 1.01],
						"0.9583": [1, 1, 1],
						"1.0": [1.01, 1.01, 1.01],
						"1.0417": [1, 1, 1]
					}
				},
				"wing_left": {
					"rotation": {
						"0.0": {
							"post": [0, 0, 0],
							"lerp_mode": "catmullrom"
						},
						"0.2917": {
							"post": [5, 0, 2.5],
							"lerp_mode": "catmullrom"
						},
						"0.5": {
							"post": [2.38443, 0.75155, -14.98436],
							"lerp_mode": "catmullrom"
						},
						"0.5417": {
							"post": [2.28727, 0.87184, -17.93764],
							"lerp_mode": "catmullrom"
						},
						"0.5833": {
							"post": [4.8278, 0.77128, -15.43917],
							"lerp_mode": "catmullrom"
						},
						"0.625": {
							"post": [2.22682, 1.18515, -20.36462],
							"lerp_mode": "catmullrom"
						},
						"0.6667": {
							"post": [2.38443, 0.75155, -14.98436],
							"lerp_mode": "catmullrom"
						},
						"0.7083": {
							"post": [2.28727, 0.87184, -17.93764],
							"lerp_mode": "catmullrom"
						},
						"0.75": {
							"post": [4.8278, 0.77128, -15.43917],
							"lerp_mode": "catmullrom"
						},
						"0.7917": {
							"post": [2.22682, 1.18515, -20.36462],
							"lerp_mode": "catmullrom"
						},
						"0.8333": {
							"post": [2.38443, 0.75155, -14.98436],
							"lerp_mode": "catmullrom"
						},
						"0.875": {
							"post": [2.28727, 0.87184, -17.93764],
							"lerp_mode": "catmullrom"
						},
						"0.9167": {
							"post": [4.8278, 0.77128, -15.43917],
							"lerp_mode": "catmullrom"
						},
						"0.9583": {
							"post": [2.22682, 1.18515, -20.36462],
							"lerp_mode": "catmullrom"
						},
						"1.0": {
							"post": [2.38443, 0.75155, -14.98436],
							"lerp_mode": "catmullrom"
						},
						"1.0417": {
							"post": [2.28727, 0.87184, -17.93764],
							"lerp_mode": "catmullrom"
						},
						"1.0833": {
							"post": [4.8278, 0.77128, -15.43917],
							"lerp_mode": "catmullrom"
						},
						"1.125": {
							"post": [2.22682, 1.18515, -20.36462],
							"lerp_mode": "catmullrom"
						},
						"1.1667": {
							"post": [2.38443, 0.75155, -14.98436],
							"lerp_mode": "catmullrom"
						},
						"1.2083": {
							"post": [2.28727, 0.87184, -17.93764],
							"lerp_mode": "catmullrom"
						},
						"1.25": {
							"post": [2.38443, 0.75155, -14.98436],
							"lerp_mode": "catmullrom"
						},
						"1.5": {
							"post": [0, 0, 0],
							"lerp_mode": "catmullrom"
						}
					}
				},
				"wing_right": {
					"rotation": {
						"0.0": {
							"post": [0, 0, 0],
							"lerp_mode": "catmullrom"
						},
						"0.2917": {
							"post": [5, 0, -2.5],
							"lerp_mode": "catmullrom"
						},
						"0.5": {
							"post": [2.38443, -0.7515, 14.9844],
							"lerp_mode": "catmullrom"
						},
						"0.5417": {
							"post": [2.28727, -0.87179, 17.93769],
							"lerp_mode": "catmullrom"
						},
						"0.5833": {
							"post": [4.8278, -0.77123, 15.43921],
							"lerp_mode": "catmullrom"
						},
						"0.625": {
							"post": [2.22682, -1.1852, 20.3646],
							"lerp_mode": "catmullrom"
						},
						"0.6667": {
							"post": [2.38443, -0.7515, 14.9844],
							"lerp_mode": "catmullrom"
						},
						"0.7083": {
							"post": [2.28727, -0.87179, 17.93769],
							"lerp_mode": "catmullrom"
						},
						"0.75": {
							"post": [4.8278, -0.77123, 15.43921],
							"lerp_mode": "catmullrom"
						},
						"0.7917": {
							"post": [2.22682, -1.1852, 20.3646],
							"lerp_mode": "catmullrom"
						},
						"0.8333": {
							"post": [2.38443, -0.7515, 14.9844],
							"lerp_mode": "catmullrom"
						},
						"0.875": {
							"post": [2.28727, -0.87179, 17.93769],
							"lerp_mode": "catmullrom"
						},
						"0.9167": {
							"post": [4.8278, -0.77123, 15.43921],
							"lerp_mode": "catmullrom"
						},
						"0.9583": {
							"post": [2.22682, -1.1852, 20.3646],
							"lerp_mode": "catmullrom"
						},
						"1.0": {
							"post": [2.38443, -0.7515, 14.9844],
							"lerp_mode": "catmullrom"
						},
						"1.0417": {
							"post": [2.28727, -0.87179, 17.93769],
							"lerp_mode": "catmullrom"
						},
						"1.0833": {
							"post": [4.8278, -0.77123, 15.43921],
							"lerp_mode": "catmullrom"
						},
						"1.125": {
							"post": [2.22682, -1.1852, 20.3646],
							"lerp_mode": "catmullrom"
						},
						"1.1667": {
							"post": [2.38443, -0.7515, 14.9844],
							"lerp_mode": "catmullrom"
						},
						"1.2083": {
							"post": [2.28727, -0.87179, 17.93769],
							"lerp_mode": "catmullrom"
						},
						"1.25": {
							"post": [2.38443, -0.7515, 14.9844],
							"lerp_mode": "catmullrom"
						},
						"1.5": {
							"post": [0, 0, 0],
							"lerp_mode": "catmullrom"
						}
					}
				},
				"headleaf_left": {
					"rotation": {
						"0.0417": [0, 0, 0],
						"0.375": [0, -10, 0],
						"0.5": [0, -2.5, 0],
						"0.5417": [0.66963, -2.48539, -2.58807],
						"0.5833": [0.10849, -0.00238, 0.00243],
						"0.625": [0.11106, -5.00237, -0.00748],
						"0.6667": [0.10965, -2.50238, -0.00246],
						"0.7083": [0, -2.5, 0],
						"0.75": [0.66963, -2.48539, -2.58807],
						"0.7917": [0.10849, -0.00238, 0.00243],
						"0.8333": [0.11106, -5.00237, -0.00748],
						"0.875": [0.10965, -2.50238, -0.00246],
						"0.9167": [0, -2.5, 0],
						"0.9583": [0.66963, -2.48539, -2.58807],
						"1.0": [0.10849, -0.00238, 0.00243],
						"1.0417": [0.11106, -5.00237, -0.00748],
						"1.0833": [0.10965, -2.50238, -0.00246],
						"1.125": [0.10849, -0.00238, 0.00243],
						"1.5": [0, 0, 0]
					}
				},
				"headleaf_right": {
					"rotation": {
						"0.0417": [0, 0, 0],
						"0.375": [0, 10, 0],
						"0.5": [0, -2.5, 0],
						"0.5417": [0.66963, -2.48539, -2.58807],
						"0.5833": [0.10849, -0.00238, 0.00243],
						"0.625": [0.11106, -5.00237, -0.00748],
						"0.6667": [0.10965, -2.50238, -0.00246],
						"0.7083": [0, -2.5, 0],
						"0.75": [0.66963, -2.48539, -2.58807],
						"0.7917": [0.10849, -0.00238, 0.00243],
						"0.8333": [0.11106, -5.00237, -0.00748],
						"0.875": [0.10965, -2.50238, -0.00246],
						"0.9167": [0, -2.5, 0],
						"0.9583": [0.66963, -2.48539, -2.58807],
						"1.0": [0.10849, -0.00238, 0.00243],
						"1.0417": [0.11106, -5.00237, -0.00748],
						"1.0833": [0.10965, -2.50238, -0.00246],
						"1.125": [0.10849, -0.00238, 0.00243],
						"1.5": [0, 0, 0]
					}
				},
				"bulb": {
					"rotation": {
						"0.0": {
							"post": [0, 0, 0],
							"lerp_mode": "catmullrom"
						},
						"0.0833": {
							"post": [0, 0, 0],
							"lerp_mode": "catmullrom"
						},
						"0.4167": {
							"post": [-15, 0, 0],
							"lerp_mode": "catmullrom"
						},
						"0.5": [0, 0, 0],
						"0.5417": [2.51564, 0.75155, 2.38443],
						"0.5833": [2.40936, -0.7932, -2.48526],
						"0.625": [-0.20016, -0.75715, -2.3723],
						"0.6667": [0, 0, 0],
						"0.7083": [2.51564, 0.75155, 2.38443],
						"0.75": [2.40936, -0.7932, -2.48526],
						"0.7917": [-0.20016, -0.75715, -2.3723],
						"0.8333": [0, 0, 0],
						"0.875": [2.51564, 0.75155, 2.38443],
						"0.9167": [2.40936, -0.7932, -2.48526],
						"0.9583": [-0.20016, -0.75715, -2.3723],
						"1.0": [0, 0, 0],
						"1.0417": [2.51564, 0.75155, 2.38443],
						"1.0833": [2.40936, -0.7932, -2.48526],
						"1.125": [-0.20016, -0.75715, -2.3723],
						"1.5": [0, 0, 0]
					}
				},
				"foot_left": {
					"rotation": {
						"0.0": {
							"post": [0, 0, 0],
							"lerp_mode": "catmullrom"
						},
						"0.3333": {
							"post": [-20, 0, 0],
							"lerp_mode": "catmullrom"
						},
						"0.5": {
							"post": [10, 0, 0],
							"lerp_mode": "catmullrom"
						},
						"1.25": {
							"post": [10, 0, 0],
							"lerp_mode": "catmullrom"
						},
						"1.5": {
							"post": [0, 0, 0],
							"lerp_mode": "catmullrom"
						}
					}
				},
				"foot_right": {
					"rotation": {
						"0.0": {
							"post": [0, 0, 0],
							"lerp_mode": "catmullrom"
						},
						"0.3333": {
							"post": [-20, 0, 0],
							"lerp_mode": "catmullrom"
						},
						"0.5": {
							"post": [10, 0, 0],
							"lerp_mode": "catmullrom"
						},
						"1.25": {
							"post": [10, 0, 0],
							"lerp_mode": "catmullrom"
						},
						"1.5": {
							"post": [0, 0, 0],
							"lerp_mode": "catmullrom"
						}
					}
				}
			},
			"sound_effects": {
				"0.375": {
					"effect": "pokemon.fomantis.cry"
				}
			}
		},
		"animation.fomantis.battle_idle": {
			"loop": true,
			"bones": {
				"head": {
					"rotation": {
						"0.0": {
							"post": ["0.5*(math.sin(q.anim_time*570+120)*2)", 0, "2*(math.sin(q.anim_time*360+80)*2)"],
							"lerp_mode": "catmullrom"
						}
					},
					"scale": {
						"0.0": {
							"post": ["1-0.01*(math.sin(q.anim_time*480+120)*2)", "1-0.01*(math.sin(q.anim_time*480+120)*2)", "1-0.01*(math.sin(q.anim_time*480+120)*2)"],
							"lerp_mode": "catmullrom"
						}
					}
				},
				"headleaf_mid": {
					"rotation": {
						"0.0": {
							"post": ["0.5*(math.sin(q.anim_time*570+120)*2)", 0, "2*(math.sin(q.anim_time*360+80)*2)"],
							"lerp_mode": "catmullrom"
						}
					}
				},
				"bulbleaf_front2": {
					"rotation": [-5, 0, 0]
				},
				"neckleaves": {
					"position": [0, 0.25, 0]
				},
				"neck_front_right": {
					"rotation": {
						"0.0": {
							"post": ["12.5-0.5*(math.sin(q.anim_time*480+120)*2)", 0, "2*(math.sin(q.anim_time*240+80)*2)"],
							"lerp_mode": "catmullrom"
						}
					}
				},
				"neck_back_right": {
					"rotation": {
						"0.0": {
							"post": ["-7.5+0.5*(math.sin(q.anim_time*480+120)*2)", 0, "2*(math.sin(q.anim_time*240+80)*2)"],
							"lerp_mode": "catmullrom"
						}
					}
				},
				"neck_front_mid": {
					"rotation": {
						"0.0": {
							"post": ["17.5-0.5*(math.sin(q.anim_time*480+120)*2)", 0, "2*(math.sin(q.anim_time*240+80)*2)"],
							"lerp_mode": "catmullrom"
						}
					}
				},
				"neck_back_mid": {
					"rotation": {
						"0.0": {
							"post": ["-10+0.5*(math.sin(q.anim_time*480+120)*2)", 0, "0+2*(math.sin(q.anim_time*240+80)*2)"],
							"lerp_mode": "catmullrom"
						}
					}
				},
				"arm_left": {
					"rotation": {
						"0.0": {
							"post": [45, "40-1*(math.sin(q.anim_time*360+160)*2)", "60-4*(math.sin(q.anim_time*570+160)*2)"],
							"lerp_mode": "catmullrom"
						}
					}
				},
				"arm_left2": {
					"rotation": {
						"0.0": {
							"post": [0, 0, 37.5],
							"lerp_mode": "catmullrom"
						}
					}
				},
				"arm_right": {
					"rotation": {
						"0.0": {
							"post": [45, "-40+1*(math.sin(q.anim_time*360+160)*2)", "-60+4*(math.sin(q.anim_time*570+160)*2)"],
							"lerp_mode": "catmullrom"
						}
					}
				},
				"arm_right2": {
					"rotation": [0, 0, -37.5]
				},
				"neck_front_left": {
					"rotation": {
						"0.0": {
							"post": ["12.5-0.5*(math.sin(q.anim_time*480+120)*2)", 0, "2*(math.sin(q.anim_time*240+80)*2)"],
							"lerp_mode": "catmullrom"
						}
					}
				},
				"neck_back_left": {
					"rotation": {
						"0.0": {
							"post": ["-7.5+0.5*(math.sin(q.anim_time*480+120)*2)", 0, "2*(math.sin(q.anim_time*240+80)*2)"],
							"lerp_mode": "catmullrom"
						}
					},
					"position": {
						"0.0": {
							"post": [0, -0.1, 0],
							"lerp_mode": "catmullrom"
						}
					}
				},
				"body": {
					"rotation": {
						"0.0": {
							"post": ["+0.6*(math.sin(q.anim_time*570+120)*2)", 0, "+0.6*(math.sin(q.anim_time*360+120)*2)"],
							"lerp_mode": "catmullrom"
						}
					},
					"scale": {
						"0.0": {
							"post": ["1+0.01*(math.sin(q.anim_time*480+120)*2)", "1+0.01*(math.sin(q.anim_time*480+120)*2)", "1+0.01*(math.sin(q.anim_time*480+120)*2)"],
							"lerp_mode": "catmullrom"
						}
					}
				},
				"wing_left": {
					"rotation": {
						"0.0": {
							"post": ["2+0.05*(math.sin(q.anim_time*570+100)*2)", 0, "-2-2*(math.sin(q.anim_time*570+100)*2)"],
							"lerp_mode": "catmullrom"
						}
					}
				},
				"wing_right": {
					"rotation": {
						"0.0": {
							"post": ["2-0.05*(math.sin(q.anim_time*570+100)*2)", 0, "2+2*(math.sin(q.anim_time*570+100)*2)"],
							"lerp_mode": "catmullrom"
						}
					}
				},
				"headleaf_left": {
					"rotation": {
						"0.0": {
							"post": ["0.5*(math.sin(q.anim_time*480+120)*2)", 0, "2*(math.sin(q.anim_time*240+80)*2)"],
							"lerp_mode": "catmullrom"
						}
					}
				},
				"headleaf_right": {
					"rotation": {
						"0.0": {
							"post": ["0.5*(math.sin(q.anim_time*480+120)*2)", 0, "2*(math.sin(q.anim_time*240+80)*2)"],
							"lerp_mode": "catmullrom"
						}
					}
				},
				"bulb": {
					"rotation": {
						"0.0": {
							"post": ["0.5*(math.sin(q.anim_time*570+80)*2)", 0, "2*(math.sin(q.anim_time*360+60)*2)"],
							"lerp_mode": "catmullrom"
						}
					}
				},
				"foot_left": {
					"rotation": {
						"0.0": {
							"post": ["-0.4*(math.sin(q.anim_time*570+120)*2)", 0, "-0.4*(math.sin(q.anim_time*360+120)*2)"],
							"lerp_mode": "catmullrom"
						}
					},
					"position": {
						"0.0": {
							"post": ["-0.0126*(math.sin(q.anim_time*570+120)*2)", "+0.014*(math.sin(q.anim_time*360+120)*2)", "0.0126*(math.sin(q.anim_time*570+120)*2)"],
							"lerp_mode": "catmullrom"
						}
					},
					"scale": {
						"0.0": {
							"post": ["1-0.01*(math.sin(q.anim_time*480+120)*2)", "1-0.01*(math.sin(q.anim_time*480+120)*2)", "1-0.01*(math.sin(q.anim_time*480+120)*2)"],
							"lerp_mode": "catmullrom"
						}
					}
				},
				"foot_right": {
					"rotation": {
						"0.0": {
							"post": ["-0.4*(math.sin(q.anim_time*570+120)*2)", 0, "-0.4*(math.sin(q.anim_time*360+120)*2)"],
							"lerp_mode": "catmullrom"
						}
					},
					"position": {
						"0.0": {
							"post": ["0.0126*(math.sin(q.anim_time*570+120)*2)", "-0.014*(math.sin(q.anim_time*360+120)*2)", "0.0126*(math.sin(q.anim_time*570+120)*2)"],
							"lerp_mode": "catmullrom"
						}
					},
					"scale": {
						"0.0": {
							"post": ["1-0.01*(math.sin(q.anim_time*480+120)*2)", "1-0.01*(math.sin(q.anim_time*480+120)*2)", "1-0.01*(math.sin(q.anim_time*480+120)*2)"],
							"lerp_mode": "catmullrom"
						}
					}
				}
			}
		},
		"animation.fomantis.ground_idle": {
			"loop": true,
			"bones": {
				"head": {
					"rotation": {
						"0.0": {
							"post": ["0.5*(math.sin(q.anim_time*480+120)*2)", 0, "2*(math.sin(q.anim_time*240+80)*2)"],
							"lerp_mode": "catmullrom"
						}
					},
					"scale": {
						"0.0": {
							"post": ["1-0.005*(math.sin(q.anim_time*480+120)*2)", "1-0.005*(math.sin(q.anim_time*480+120)*2)", "1-0.005*(math.sin(q.anim_time*480+120)*2)"],
							"lerp_mode": "catmullrom"
						}
					}
				},
				"headleaf_mid": {
					"rotation": {
						"0.0": {
							"post": ["0.5*(math.sin(q.anim_time*480+120)*2)", 0, "2*(math.sin(q.anim_time*240+80)*2)"],
							"lerp_mode": "catmullrom"
						}
					}
				},
				"bulbleaf_front2": {
					"rotation": [-5, 0, 0]
				},
				"neckleaves": {
					"position": [0, 0.25, 0]
				},
				"neck_front_right": {
					"rotation": {
						"0.0": {
							"post": ["12.5-0.5*(math.sin(q.anim_time*480+120)*2)", 0, "2*(math.sin(q.anim_time*240+80)*2)"],
							"lerp_mode": "catmullrom"
						}
					}
				},
				"neck_back_right": {
					"rotation": {
						"0.0": {
							"post": ["-7.5+0.5*(math.sin(q.anim_time*480+120)*2)", 0, "2*(math.sin(q.anim_time*240+80)*2)"],
							"lerp_mode": "catmullrom"
						}
					}
				},
				"neck_front_mid": {
					"rotation": {
						"0.0": {
							"post": ["17.5-0.5*(math.sin(q.anim_time*480+120)*2)", 0, "2*(math.sin(q.anim_time*240+80)*2)"],
							"lerp_mode": "catmullrom"
						}
					}
				},
				"neck_back_mid": {
					"rotation": {
						"0.0": {
							"post": ["-10+0.5*(math.sin(q.anim_time*480+120)*2)", 0, "0+2*(math.sin(q.anim_time*240+80)*2)"],
							"lerp_mode": "catmullrom"
						}
					}
				},
				"arm_left": {
					"rotation": {
						"0.0": {
							"post": [45, "40-1*(math.sin(q.anim_time*240+160)*2)", "60-4*(math.sin(q.anim_time*480+160)*2)"],
							"lerp_mode": "catmullrom"
						}
					}
				},
				"arm_left2": {
					"rotation": {
						"0.0": {
							"post": [0, 0, 37.5],
							"lerp_mode": "catmullrom"
						}
					}
				},
				"arm_right": {
					"rotation": {
						"0.0": {
							"post": [45, "-40+1*(math.sin(q.anim_time*240+160)*2)", "-60+4*(math.sin(q.anim_time*480+160)*2)"],
							"lerp_mode": "catmullrom"
						}
					}
				},
				"arm_right2": {
					"rotation": [0, 0, -37.5]
				},
				"neck_front_left": {
					"rotation": {
						"0.0": {
							"post": ["12.5-0.5*(math.sin(q.anim_time*480+120)*2)", 0, "2*(math.sin(q.anim_time*240+80)*2)"],
							"lerp_mode": "catmullrom"
						}
					}
				},
				"neck_back_left": {
					"rotation": {
						"0.0": {
							"post": ["-7.5+0.5*(math.sin(q.anim_time*480+120)*2)", 0, "2*(math.sin(q.anim_time*240+80)*2)"],
							"lerp_mode": "catmullrom"
						}
					},
					"position": {
						"0.0": {
							"post": [0, -0.1, 0],
							"lerp_mode": "catmullrom"
						}
					}
				},
				"body": {
					"rotation": {
						"0.0": {
							"post": ["+0.4*(math.sin(q.anim_time*480+120)*2)", 0, "+0.4*(math.sin(q.anim_time*240+120)*2)"],
							"lerp_mode": "catmullrom"
						}
					},
					"scale": {
						"0.0": {
							"post": ["1+0.005*(math.sin(q.anim_time*480+120)*2)", "1+0.005*(math.sin(q.anim_time*480+120)*2)", "1+0.005*(math.sin(q.anim_time*480+120)*2)"],
							"lerp_mode": "catmullrom"
						}
					}
				},
				"wing_left": {
					"rotation": {
						"0.0": {
							"post": ["2+0.05*(math.sin(q.anim_time*480+100)*2)", 0, "-2-2*(math.sin(q.anim_time*480+100)*2)"],
							"lerp_mode": "catmullrom"
						}
					}
				},
				"wing_right": {
					"rotation": {
						"0.0": {
							"post": ["2-0.05*(math.sin(q.anim_time*480+100)*2)", 0, "2+2*(math.sin(q.anim_time*480+100)*2)"],
							"lerp_mode": "catmullrom"
						}
					}
				},
				"headleaf_left": {
					"rotation": {
						"0.0": {
							"post": ["0.5*(math.sin(q.anim_time*480+120)*2)", 0, "2*(math.sin(q.anim_time*240+80)*2)"],
							"lerp_mode": "catmullrom"
						}
					}
				},
				"headleaf_right": {
					"rotation": {
						"0.0": {
							"post": ["0.5*(math.sin(q.anim_time*480+120)*2)", 0, "2*(math.sin(q.anim_time*240+80)*2)"],
							"lerp_mode": "catmullrom"
						}
					}
				},
				"bulb": {
					"rotation": {
						"0.0": {
							"post": ["0.5*(math.sin(q.anim_time*480+80)*2)", 0, "2*(math.sin(q.anim_time*240+60)*2)"],
							"lerp_mode": "catmullrom"
						}
					}
				},
				"foot_left": {
					"rotation": {
						"0.0": {
							"post": ["-0.4*(math.sin(q.anim_time*480+120)*2)", 0, "-0.4*(math.sin(q.anim_time*240+120)*2)"],
							"lerp_mode": "catmullrom"
						}
					},
					"position": {
						"0.0": {
							"post": ["-0.0126*(math.sin(q.anim_time*480+120)*2)", "+0.014*(math.sin(q.anim_time*240+120)*2)", "0.0126*(math.sin(q.anim_time*480+120)*2)"],
							"lerp_mode": "catmullrom"
						}
					},
					"scale": {
						"0.0": {
							"post": ["1-0.005*(math.sin(q.anim_time*480+120)*2)", "1-0.005*(math.sin(q.anim_time*480+120)*2)", "1-0.005*(math.sin(q.anim_time*480+120)*2)"],
							"lerp_mode": "catmullrom"
						}
					}
				},
				"foot_right": {
					"rotation": {
						"0.0": {
							"post": ["-0.4*(math.sin(q.anim_time*480+120)*2)", 0, "-0.4*(math.sin(q.anim_time*240+120)*2)"],
							"lerp_mode": "catmullrom"
						}
					},
					"position": {
						"0.0": {
							"post": ["0.0126*(math.sin(q.anim_time*480+120)*2)", "-0.014*(math.sin(q.anim_time*240+120)*2)", "0.0126*(math.sin(q.anim_time*480+120)*2)"],
							"lerp_mode": "catmullrom"
						}
					},
					"scale": {
						"0.0": {
							"post": ["1-0.005*(math.sin(q.anim_time*480+120)*2)", "1-0.005*(math.sin(q.anim_time*480+120)*2)", "1-0.005*(math.sin(q.anim_time*480+120)*2)"],
							"lerp_mode": "catmullrom"
						}
					}
				}
			}
		},
		"animation.fomantis.ground_walk": {
			"loop": true,
			"animation_length": 1,
			"bones": {
				"body": {
					"rotation": {
						"0.0": [25, 0, 0],
						"0.1667": [10, -35, 0],
						"0.5": {
							"pre": [25, 0, 0],
							"post": [25, 0, 0],
							"lerp_mode": "catmullrom"
						},
						"0.6667": [10, 35, 0],
						"1.0": {
							"pre": [25, 0, 0],
							"post": [25, 0, 0],
							"lerp_mode": "catmullrom"
						}
					},
					"position": {
						"0.0": [0, 0.55, 0],
						"0.1667": [0, 1, 0],
						"0.3333": {
							"pre": [0, 0.6, 0],
							"post": [0, 0.6, 0],
							"lerp_mode": "catmullrom"
						},
						"0.375": {
							"post": [0, 0.41, 0],
							"lerp_mode": "catmullrom"
						},
						"0.4167": {
							"post": [0, 0.46, 0],
							"lerp_mode": "catmullrom"
						},
						"0.5": {
							"post": [0, 0.55, 0],
							"lerp_mode": "catmullrom"
						},
						"0.6667": [0, 1, 0],
						"0.8333": {
							"pre": [0, 0.6, 0],
							"post": [0, 0.6, 0],
							"lerp_mode": "catmullrom"
						},
						"0.875": {
							"post": [0, 0.41, 0],
							"lerp_mode": "catmullrom"
						},
						"0.9167": {
							"post": [0, 0.46, 0],
							"lerp_mode": "catmullrom"
						},
						"1.0": {
							"post": [0, 0.55, 0],
							"lerp_mode": "catmullrom"
						}
					},
					"scale": {
						"0.0": [1, 0.99, 1],
						"0.1667": [1, 1.03, 1],
						"0.5": {
							"pre": [1, 0.99, 1],
							"post": [1, 0.99, 1],
							"lerp_mode": "catmullrom"
						},
						"0.6667": [1, 1.03, 1],
						"1.0": {
							"pre": [1, 0.99, 1],
							"post": [1, 0.99, 1],
							"lerp_mode": "catmullrom"
						}
					}
				},
				"arm_left": {
					"rotation": {
						"0.0": {
							"post": [0, 0, 30],
							"lerp_mode": "catmullrom"
						},
						"0.125": {
							"post": [43.88908, -4.58369, 5.3708],
							"lerp_mode": "catmullrom"
						},
						"0.5": {
							"post": [0, 0, 30],
							"lerp_mode": "catmullrom"
						},
						"0.625": {
							"post": [-20.2103, 62.3954, -5.4016],
							"lerp_mode": "catmullrom"
						},
						"1.0": {
							"post": [0, 0, 30],
							"lerp_mode": "catmullrom"
						}
					}
				},
				"arm_left2": {
					"rotation": {
						"0.0": {
							"post": [0, 0, 22.5],
							"lerp_mode": "catmullrom"
						},
						"0.125": {
							"post": [0, 0, 45],
							"lerp_mode": "catmullrom"
						},
						"0.5": {
							"post": [0, 0, 22.5],
							"lerp_mode": "catmullrom"
						},
						"0.625": {
							"post": [0, 0, 70],
							"lerp_mode": "catmullrom"
						},
						"0.9583": {
							"post": [0, 0, 22.5],
							"lerp_mode": "catmullrom"
						},
						"1.0": {
							"post": [0, 0, 22.5],
							"lerp_mode": "catmullrom"
						}
					}
				},
				"arm_right": {
					"rotation": {
						"0.0": [0, 0, -30],
						"0.125": [-20.21026, -62.39543, -5.40158],
						"0.5": [0, 0, -30],
						"0.625": [43.88908, -4.58369, -5.37077],
						"1.0": [0, 0, -30]
					}
				},
				"arm_right2": {
					"rotation": {
						"0.0": [0, 0, -22.5],
						"0.125": [0, 0, -45],
						"0.5": [0, 0, -22.5],
						"0.625": [0, 0, -70],
						"0.9583": [0, 0, -22.5],
						"1.0": [0, 0, -22.5]
					}
				},
				"wing_left": {
					"rotation": {
						"0.0": [5, 0, 0],
						"0.1667": [0, 0, 0],
						"0.4583": [0, 0, 0],
						"0.6667": [27.5, 0, 0],
						"1.0": [5, 0, 0]
					}
				},
				"wing_right": {
					"rotation": {
						"0.0": [5, 0, 0],
						"0.1667": [27.5, 0, 0],
						"0.4583": [0, 0, 0],
						"0.6667": [0, 0, 0],
						"1.0": [5, 0, 0]
					}
				},
				"head": {
					"rotation": {
						"0.0": [0, 0, 0],
						"0.25": [-7.5, 20, 0],
						"0.5": [2, 0, 0],
						"0.75": [-7.5, -20, 0],
						"1.0": [0, 0, 0]
					}
				},
				"headleaf_left": {
					"rotation": {
						"0.0": [0, 0, 0],
						"0.2083": [-15, 0, 0],
						"0.4167": [0, 0, 0],
						"0.6667": [-15, 0, 0],
						"1.0": [0, 0, 0]
					}
				},
				"headleaf_right": {
					"rotation": {
						"0.0": [0, 0, 0],
						"0.2083": [-15, 0, 0],
						"0.4167": [0, 0, 0],
						"0.6667": [-15, 0, 0],
						"1.0": [0, 0, 0]
					}
				},
				"bulb": {
					"rotation": {
						"0.0": [0, 0, 0],
						"0.2083": [-14.68664, -9.00406, 0.18494],
						"0.4167": [0, 0, 0],
						"0.6667": [-14.68664, 9.0041, -0.1849],
						"1.0": [0, 0, 0]
					}
				},
				"neckleaves": {
					"rotation": {
						"0.0": [0, 0, 0],
						"0.2083": [0, -15, 0],
						"0.4167": [0, 0, 0],
						"0.75": [0, 15, 0],
						"1.0": [0, 0, 0]
					}
				},
				"neck_front_right": {
					"rotation": {
						"0.0": [0, 0, 0],
						"0.2083": [15, 0, 0],
						"0.4167": [0, 0, 0],
						"0.6667": [15, 0, 0],
						"1.0": [0, 0, 0]
					}
				},
				"neck_front_left": {
					"rotation": {
						"0.0": [0, 0, 0],
						"0.2083": [15, 0, 0],
						"0.4167": [0, 0, 0],
						"0.6667": [15, 0, 0],
						"1.0": [0, 0, 0]
					}
				},
				"neck_back_right": {
					"rotation": {
						"0.0": [0, 0, 0],
						"0.2083": [-15, 0, 0],
						"0.4167": [0, 0, 0],
						"0.6667": [-15, 0, 0],
						"1.0": [0, 0, 0]
					}
				},
				"neck_back_left": {
					"rotation": {
						"0.0": [0, 0, 0],
						"0.2083": [-15, 0, 0],
						"0.4167": [0, 0, 0],
						"0.6667": [-15, 0, 0],
						"1.0": [0, 0, 0]
					}
				},
				"neck_front_mid": {
					"rotation": {
						"0.0": [0, 0, 0],
						"0.2083": [15, 0, 0],
						"0.4167": [0, 0, 0],
						"0.6667": [15, 0, 0],
						"1.0": [0, 0, 0]
					}
				},
				"neck_back_mid": {
					"rotation": {
						"0.0": [0, 0, 0],
						"0.2083": [-15, 0, 0],
						"0.4167": [0, 0, 0],
						"0.6667": [-15, 0, 0],
						"1.0": [0, 0, 0]
					}
				},
				"foot_right": {
					"rotation": {
						"0.0": [-13.98, 0, 0],
						"0.0833": [17.5, 0, 0],
						"0.1667": [45, 0, 0],
						"0.5": [60, 0, 0],
						"0.6667": [-25, 0, 0],
						"0.875": [-17.5, 0, 0],
						"0.9583": [-25, 0, 0],
						"1.0": [-13.98, 0, 0]
					},
					"position": {
						"0.0": [0, 0.01, -0.19],
						"0.0833": [0, 0, 0],
						"0.5": [0, 0, -0.5],
						"0.6667": [0, -0.25, -0.5],
						"0.875": [0, 0, -0.5],
						"1.0": [0, 0.01, -0.19]
					}
				},
				"foot_left": {
					"rotation": {
						"0.0": [60, 0, 0],
						"0.1667": [-25, 0, 0],
						"0.375": [-17.5, 0, 0],
						"0.4583": [-25, 0, 0],
						"0.5833": [17.5, 0, 0],
						"0.6667": [45, 0, 0],
						"1.0": [60, 0, 0]
					},
					"position": {
						"0.0": [0, 0, -0.5],
						"0.1667": [0, -0.25, -0.5],
						"0.375": [0, 0, -0.5],
						"0.5833": [0, 0, 0],
						"1.0": [0, 0, -0.5]
					}
				},
				"headleaf_mid": {
					"rotation": {
						"0.0": [60, 0, 0],
						"0.1667": [-25, 0, 0],
						"0.375": [-17.5, 0, 0],
						"0.4583": [-25, 0, 0],
						"0.5833": [17.5, 0, 0],
						"0.6667": [45, 0, 0],
						"1.0": [60, 0, 0]
					},
					"position": {
						"0.0": [0, 0, -0.5],
						"0.1667": [0, -0.25, -0.5],
						"0.375": [0, 0, -0.5],
						"0.5833": [0, 0, 0],
						"1.0": [0, 0, -0.5]
					}
				}
			}
		},
		"animation.fomantis.swim": {
			"loop": true,
			"bones": {
				"body": {
					"rotation": ["0.5*(math.sin(q.anim_time*90)*2)", "1*(math.sin(q.anim_time*180)*2)", "1*(math.sin(q.anim_time*180)*2)"],
					"position": [0, 0, "0.1*(math.sin(q.anim_time*90)*2)"]
				},
				"head": {
					"rotation": ["0.5*(math.sin(q.anim_time*90)*2)", "-1*(math.sin(q.anim_time*180)*2)", "-1*(math.sin(q.anim_time*180)*2)"]
				},
				"bulb": {
					"rotation": ["0.5*(math.sin(q.anim_time*90-120)*2)", "1*(math.sin(q.anim_time*180-120)*2)", "1*(math.sin(q.anim_time*180-120)*2)"]
				},
				"arm_left": {
					"rotation": ["-5*(math.sin(q.anim_time*180-60)*2)", "-1*(math.sin(q.anim_time*90)*2)", "15-1*(math.sin(q.anim_time*180)*2)"]
				},
				"arm_left2": {
					"rotation": [0, "-1*(math.sin(q.anim_time*90)*2)", "15-5*(math.sin(q.anim_time*90-120)*2)"]
				},
				"arm_right": {
					"rotation": ["-5*(math.sin(q.anim_time*180-60)*2)", "1*(math.sin(q.anim_time*90)*2)", "-15+1*(math.sin(q.anim_time*180)*2)"]
				},
				"arm_right2": {
					"rotation": [0, "1*(math.sin(q.anim_time*90)*2)", "-15+5*(math.sin(q.anim_time*90-120)*2)"]
				},
				"wing_left": {
					"rotation": ["30-10*(math.sin(q.anim_time*90)*2)", "-5*(math.sin(q.anim_time*90)*2)", "1*(math.sin(q.anim_time*180)*2)"]
				},
				"wing_right": {
					"rotation": ["30-10*(math.sin(q.anim_time*90)*2)", "5*(math.sin(q.anim_time*90)*2)", "-1*(math.sin(q.anim_time*180)*2)"]
				},
				"neck_front_right": {
					"rotation": ["0.5*(math.sin(q.anim_time*90-120)*2)", "1*(math.sin(q.anim_time*180-120)*2)", "1*(math.sin(q.anim_time*180-120)*2)"]
				},
				"neck_front_left": {
					"rotation": ["0.5*(math.sin(q.anim_time*90-120)*2)", "1*(math.sin(q.anim_time*180-120)*2)", "1*(math.sin(q.anim_time*180-120)*2)"]
				},
				"neck_back_right": {
					"rotation": ["0.5*(math.sin(q.anim_time*90-120)*2)", "1*(math.sin(q.anim_time*180-120)*2)", "1*(math.sin(q.anim_time*180-120)*2)"]
				},
				"neck_back_left": {
					"rotation": ["0.5*(math.sin(q.anim_time*90-120)*2)", "1*(math.sin(q.anim_time*180-120)*2)", "1*(math.sin(q.anim_time*180-120)*2)"]
				},
				"neck_front_mid": {
					"rotation": ["0.5*(math.sin(q.anim_time*90-120)*2)", "1*(math.sin(q.anim_time*180-120)*2)", "1*(math.sin(q.anim_time*180-120)*2)"]
				},
				"neck_back_mid": {
					"rotation": ["0.5*(math.sin(q.anim_time*90-120)*2)", "1*(math.sin(q.anim_time*180-120)*2)", "1*(math.sin(q.anim_time*180-120)*2)"]
				},
				"foot_right": {
					"rotation": ["8*(math.sin(q.anim_time*90)*2)", 0, 0],
					"position": [0, 0, "0.1*(math.sin(q.anim_time*90)*2)"]
				},
				"foot_left": {
					"rotation": ["-8*(math.sin(q.anim_time*90)*2)", 0, 0],
					"position": [0, 0, "-0.1*(math.sin(q.anim_time*90)*2)"]
				}
			}
		},
		"animation.fomantis.shoulder_right": {
			"loop": true,
			"bones": {
				"body": {
					"rotation": [-0.04994, -5.00698, "0.3275+1*(math.sin(q.anim_time*180)*2)"],
					"position": [-6, -1, 0]
				},
				"head": {
					"rotation": [0, 0, "0+1*(math.sin(q.anim_time*180+40)*2)"]
				},
				"bulb": {
					"rotation": [0, 0, "+3*(math.sin(q.anim_time*180-40)*2)"]
				},
				"arm_left": {
					"rotation": [67.03686, 48.8769, 105.4014]
				},
				"arm_left2": {
					"rotation": [0, 0, 27.5]
				},
				"arm_right": {
					"rotation": [67.03686, -48.87691, -105.40135]
				},
				"arm_right2": {
					"rotation": [0, 0, -27.5]
				},
				"wing_left": {
					"rotation": [0, 0, "+1*(math.sin(q.anim_time*180-40)*2)"],
					"position": [0, 0, 0.02]
				},
				"wing_right": {
					"rotation": [0, 0, "+1*(math.sin(q.anim_time*180-40)*2)"],
					"position": [0, 0, 0.01]
				},
				"neck_front_right": {
					"rotation": ["0+2*(math.sin(q.anim_time*180-20)*2)", 0, 0]
				},
				"neck_front_left": {
					"rotation": ["0+2*(math.sin(q.anim_time*180-20)*2)", 0, 0]
				},
				"neck_back_right": {
					"rotation": ["0-2*(math.sin(q.anim_time*180-20)*2)", 0, 0]
				},
				"neck_back_left": {
					"rotation": ["0-2*(math.sin(q.anim_time*180-20)*2)", 0, 0]
				},
				"neck_front_mid": {
					"rotation": ["0+2*(math.sin(q.anim_time*180-20)*2)", 0, 0]
				},
				"neck_back_mid": {
					"rotation": ["0-2*(math.sin(q.anim_time*180-20)*2)", 0, 0]
				},
				"foot_right": {
					"rotation": ["0+2*(math.sin(q.anim_time*180)*2)", 0, 0],
					"position": [0, 1, -2]
				},
				"foot_left": {
					"rotation": ["0-2*(math.sin(q.anim_time*180)*2)", 0, 0],
					"position": [0, 1, -2]
				}
			}
		},
		"animation.fomantis.shoulder_left": {
			"loop": true,
			"bones": {
				"body": {
					"rotation": [-0.04994, 5.007, "0.3275+1*(math.sin(q.anim_time*180)*2)"],
					"position": [6, -1, 0]
				},
				"head": {
					"rotation": [0, 0, "0+1*(math.sin(q.anim_time*180+40)*2)"]
				},
				"bulb": {
					"rotation": [0, 0, "+3*(math.sin(q.anim_time*180-40)*2)"]
				},
				"arm_left": {
					"rotation": [67.03686, 48.8769, 105.4014]
				},
				"arm_left2": {
					"rotation": [0, 0, 27.5]
				},
				"arm_right": {
					"rotation": [67.03686, -48.87691, -105.40135]
				},
				"arm_right2": {
					"rotation": [0, 0, -27.5]
				},
				"neck_front_right": {
					"rotation": ["0+2*(math.sin(q.anim_time*180-20)*2)", 0, 0]
				},
				"neck_front_left": {
					"rotation": ["0+2*(math.sin(q.anim_time*180-20)*2)", 0, 0]
				},
				"neck_back_right": {
					"rotation": ["0-2*(math.sin(q.anim_time*180-20)*2)", 0, 0]
				},
				"neck_back_left": {
					"rotation": ["0-2*(math.sin(q.anim_time*180-20)*2)", 0, 0]
				},
				"neck_front_mid": {
					"rotation": ["0+2*(math.sin(q.anim_time*180-20)*2)", 0, 0]
				},
				"neck_back_mid": {
					"rotation": ["0-2*(math.sin(q.anim_time*180-20)*2)", 0, 0]
				},
				"foot_right": {
					"rotation": ["0+2*(math.sin(q.anim_time*180)*2)", 0, 0],
					"position": [0, 1, -2]
				},
				"foot_left": {
					"rotation": ["0-2*(math.sin(q.anim_time*180)*2)", 0, 0],
					"position": [0, 1, -2]
				},
				"wing_left": {
					"rotation": [0, 0, "+1*(math.sin(q.anim_time*180-40)*2)"],
					"position": [0, 0, 0.02]
				},
				"wing_right": {
					"rotation": [0, 0, "+1*(math.sin(q.anim_time*180-40)*2)"],
					"position": [0, 0, 0.01]
				}
			}
		},
		"animation.fomantis.sleep": {
			"loop": true,
			"bones": {
				"body": {
					"position": {
						"0.0": {
							"post": [0, 1.1, 0],
							"lerp_mode": "catmullrom"
						}
					},
					"scale": {
						"0.0": {
							"post": ["1-0.004*(math.sin(q.anim_time*90)*2)", "1-0.004*(math.sin(q.anim_time*90)*2)", "1-0.004*(math.sin(q.anim_time*90)*2)"],
							"lerp_mode": "catmullrom"
						}
					}
				},
				"head": {
					"rotation": {
						"0.0": {
							"post": ["0.5*(math.sin(q.anim_time*90)*2)", 0, "0.5*(math.sin(q.anim_time*45-10)*2)"],
							"lerp_mode": "catmullrom"
						}
					},
					"position": {
						"0.0": {
							"post": [0, -7, 0],
							"lerp_mode": "catmullrom"
						}
					}
				},
				"eyelid_left": {
					"rotation": [0, 0, 5],
					"position": [0, -0.5, -0.25],
					"scale": [1, 0.4, 1]
				},
				"eyelid_right": {
					"rotation": [0, 0, -5],
					"position": [0, -0.5, -0.25],
					"scale": [1, 0.4, 1]
				},
				"eye_left": {
					"scale": [1, 0.1, 1]
				},
				"eye_right": {
					"scale": [1, 0.1, 1]
				},
				"bulb": {
					"rotation": {
						"0.0": {
							"post": ["-0.5*(math.sin(q.anim_time*90)*2)", 0, "-0.5*(math.sin(q.anim_time*45-10)*2)"],
							"lerp_mode": "catmullrom"
						}
					}
				},
				"arm_left": {
					"rotation": [0, 65, 0],
					"position": [0, -7.01, 0]
				},
				"arm_left2": {
					"rotation": [0, 17.5, 0],
					"position": [-0.5, -0.001, 0.05]
				},
				"arm_right": {
					"rotation": [0, -42.5, 0],
					"position": [0, -7.01, 0]
				},
				"arm_right2": {
					"rotation": [0, -35, 0],
					"position": [0.85, 0.001, 0.3]
				},
				"wing_left": {
					"rotation": [90, 47.5, 25],
					"position": [0, -7.501, 0]
				},
				"wing_right": {
					"rotation": [90, -47.5, -25],
					"position": [0, -7.501, 0]
				},
				"neckleaves": {
					"position": [0, -7, 0]
				}
			}
		},
		"animation.fomantis.eyes_default": {
			"loop": true,
			"bones": {
				"eye_left": {
					"rotation": [0, 0, -5]
				},
				"eye_left_shine": {
					"position": [-1, 0.00095, -0.02179],
					"scale": [0.8, 0.8, 1]
				},
				"eye_left_iris": {
					"rotation": {
						"0.0": {
							"post": [0, 0, -5],
							"lerp_mode": "catmullrom"
						}
					},
					"position": {
						"0.0": {
							"post": [0, 0, 0],
							"lerp_mode": "catmullrom"
						}
					},
					"scale": {
						"0.0": {
							"post": [1.5, 0.8, 1],
							"lerp_mode": "catmullrom"
						}
					}
				},
				"eye_right": {
					"rotation": {
						"0.0": {
							"post": [0, 0, 5],
							"lerp_mode": "catmullrom"
						}
					}
				},
				"eye_right_shine": {
					"position": [-1, 0.00095, -0.02179],
					"scale": [0.8, 0.8, 1]
				},
				"eye_right_iris": {
					"rotation": {
						"0.0": {
							"post": [0, 0, 5],
							"lerp_mode": "catmullrom"
						}
					},
					"position": {
						"0.0": {
							"post": [0, 0, 0],
							"lerp_mode": "catmullrom"
						}
					},
					"scale": {
						"0.0": {
							"post": [1.5, 0.8, 1],
							"lerp_mode": "catmullrom"
						}
					}
				}
			}
		},
		"animation.fomantis.eyes_angry": {
			"loop": true,
			"override_previous_animation": true,
			"bones": {
				"eye_left": {
					"rotation": [0, 0, -5]
				},
				"eye_left_shine": {
					"position": [0, -0.99905, -0.02179],
					"scale": [0.8, 0.8, 1]
				},
				"eye_left_iris": {
					"rotation": {
						"0.0": {
							"post": [0, 0, -5],
							"lerp_mode": "catmullrom"
						}
					},
					"position": {
						"0.0": {
							"post": [0, 0, 0],
							"lerp_mode": "catmullrom"
						}
					},
					"scale": {
						"0.0": {
							"post": [1.5, 0.8, 1],
							"lerp_mode": "catmullrom"
						}
					}
				},
				"eye_right": {
					"rotation": {
						"0.0": {
							"post": [0, 0, 5],
							"lerp_mode": "catmullrom"
						}
					}
				},
				"eye_right_shine": {
					"position": [-1, -0.99905, -0.02179],
					"scale": [0.8, 0.8, 1]
				},
				"eye_right_iris": {
					"rotation": {
						"0.0": {
							"post": [0, 0, 5],
							"lerp_mode": "catmullrom"
						}
					},
					"position": {
						"0.0": {
							"post": [0, 0, 0],
							"lerp_mode": "catmullrom"
						}
					},
					"scale": {
						"0.0": {
							"post": [1.5, 0.8, 1],
							"lerp_mode": "catmullrom"
						}
					}
				},
				"eyelid_left": {
					"rotation": [0, 0, -27.5],
					"position": [-0.35, 0.325, -0.25],
					"scale": [1.3, 1, 1]
				},
				"eyelid_right": {
					"rotation": [0, 0, 27.5],
					"position": [0.35, 0.325, -0.25],
					"scale": [1.3, 1, 1]
				}
			}
		},
		"animation.fomantis.eyes_sad": {
			"loop": true,
			"override_previous_animation": true,
			"bones": {
				"eye_left": {
					"rotation": [0, 0, -5]
				},
				"eye_left_shine": {
					"position": [0, -0.99905, -0.02179],
					"scale": [0.8, 0.8, 1]
				},
				"eye_left_iris": {
					"rotation": {
						"0.0": {
							"post": [0, 0, -5],
							"lerp_mode": "catmullrom"
						}
					},
					"position": {
						"0.0": {
							"post": [-0.25, 0, 0],
							"lerp_mode": "catmullrom"
						}
					},
					"scale": {
						"0.0": {
							"post": [1.5, 0.8, 1],
							"lerp_mode": "catmullrom"
						}
					}
				},
				"eye_right": {
					"rotation": {
						"0.0": {
							"post": [0, 0, 5],
							"lerp_mode": "catmullrom"
						}
					}
				},
				"eye_right_shine": {
					"position": [-1, -0.99905, -0.02179],
					"scale": [0.8, 0.8, 1]
				},
				"eye_right_iris": {
					"rotation": {
						"0.0": {
							"post": [0, 0, 5],
							"lerp_mode": "catmullrom"
						}
					},
					"position": {
						"0.0": {
							"post": [0.25, 0, 0],
							"lerp_mode": "catmullrom"
						}
					},
					"scale": {
						"0.0": {
							"post": [1.5, 0.8, 1],
							"lerp_mode": "catmullrom"
						}
					}
				},
				"eyelid_left": {
					"rotation": [0, 0, 17.5],
					"position": [-0.15, 0.325, -0.25],
					"scale": [1.3, 1, 1]
				},
				"eyelid_right": {
					"rotation": [0, 0, -17.5],
					"position": [0.15, 0.325, -0.25],
					"scale": [1.3, 1, 1]
				}
			}
		},
		"animation.fomantis.eyes_quirk": {
			"animation_length": 3,
			"override_previous_animation": true,
			"bones": {
				"eye_left_iris": {
					"position": {
						"0.5": {
							"pre": [0, 0, 0],
							"post": [0, 0, 0],
							"lerp_mode": "catmullrom"
						},
						"0.5833": {
							"post": [0.5, 0, 0],
							"lerp_mode": "catmullrom"
						},
						"0.7083": {
							"post": [0, 0, 0],
							"lerp_mode": "catmullrom"
						},
						"1.1667": {
							"post": [0, 0, 0],
							"lerp_mode": "catmullrom"
						},
						"1.625": {
							"post": [0, 0, 0],
							"lerp_mode": "catmullrom"
						},
						"1.7917": [-0.5, 0.4, 0],
						"2.0": [-0.5, 0.4, 0],
						"2.1667": {
							"pre": [0, 0, 0],
							"post": [0, 0, 0],
							"lerp_mode": "catmullrom"
						},
						"2.3333": {
							"post": [0, -0.25, 0],
							"lerp_mode": "catmullrom"
						},
						"2.5833": {
							"post": [0, -0.25, 0],
							"lerp_mode": "catmullrom"
						},
						"2.7083": {
							"post": [0, 0, 0],
							"lerp_mode": "catmullrom"
						}
					}
				},
				"eye_right_iris": {
					"position": {
						"0.5": {
							"pre": [0, 0, 0],
							"post": [0, 0, 0],
							"lerp_mode": "catmullrom"
						},
						"0.5833": {
							"post": [0.5, 0, 0],
							"lerp_mode": "catmullrom"
						},
						"0.7083": {
							"post": [0, 0, 0],
							"lerp_mode": "catmullrom"
						},
						"1.1667": {
							"post": [0, 0, 0],
							"lerp_mode": "catmullrom"
						},
						"1.625": {
							"post": [0, 0, 0],
							"lerp_mode": "catmullrom"
						},
						"1.7917": [-0.5, 0.4, 0],
						"2.0": [-0.5, 0.4, 0],
						"2.1667": {
							"pre": [0, 0, 0],
							"post": [0, 0, 0],
							"lerp_mode": "catmullrom"
						},
						"2.3333": {
							"post": [0, -0.25, 0],
							"lerp_mode": "catmullrom"
						},
						"2.5833": {
							"post": [0, -0.25, 0],
							"lerp_mode": "catmullrom"
						},
						"2.7083": {
							"post": [0, 0, 0],
							"lerp_mode": "catmullrom"
						}
					}
				}
			}
		},
		"animation.fomantis.blink": {
			"animation_length": 1.5,
			"override_previous_animation": true,
			"bones": {
				"eye_left": {
					"scale": {
						"0.0": [1, 1, 1],
						"0.2083": [1, 1, 1],
						"0.2917": [1, 0, 1],
						"0.375": [1, 0, 1],
						"0.4583": [1, 1.1, 1],
						"0.5": [1, 1, 1],
						"0.625": [1, 1, 1]
					}
				},
				"eye_right": {
					"scale": {
						"0.0": [1, 1, 1],
						"0.2083": [1, 1, 1],
						"0.2917": [1, 0, 1],
						"0.375": [1, 0, 1],
						"0.4583": [1, 1.1, 1],
						"0.5": [1, 1, 1],
						"0.625": [1, 1, 1]
					}
				}
			}
		},
		"animation.fomantis.quirk": {
			"animation_length": 2,
			"override_previous_animation": true,
			"bones": {
				"body": {
					"rotation": {
						"0.0": [0, 0, 0],
						"0.2917": [0, 0, 0],
						"0.4167": [1.57487, -7.38072, 5.04096],
						"0.5417": [-3.42527, -24.87132, 5.44354],
						"1.0833": [1.57487, 7.3807, -5.041],
						"1.25": [-3.42527, 24.8713, -5.4435],
						"1.7917": [0, 0, 0]
					}
				},
				"head": {
					"rotation": {
						"0.0": {
							"post": [0, 0, 0],
							"lerp_mode": "catmullrom"
						},
						"0.25": {
							"post": [-15, 0, -5],
							"lerp_mode": "catmullrom"
						},
						"0.5": {
							"post": [0, 0, 0],
							"lerp_mode": "catmullrom"
						},
						"0.7083": {
							"post": [0, 0, 0],
							"lerp_mode": "catmullrom"
						},
						"0.9583": {
							"post": [-15, 0, -5],
							"lerp_mode": "catmullrom"
						},
						"1.2083": {
							"post": [0, 0, 0],
							"lerp_mode": "catmullrom"
						}
					}
				},
				"arm_left": {
					"rotation": {
						"0.625": [0, 0, 0],
						"0.875": [-80, 0, -57.5],
						"1.0833": [0, 47.5, 0],
						"1.7917": [0, 0, 0]
					}
				},
				"arm_right": {
					"rotation": {
						"0.0": [0, 0, 0],
						"0.25": [-80, 0, 57.5],
						"0.4583": [0, -47.5, 0],
						"1.7917": [0, 0, 0]
					}
				}
			}
		},
		"animation.fomantis.testing": {
			"loop": true,
			"bones": {
				"body": {
					"rotation": [12.5, -10, 0],
					"position": [0, 5, 0]
				},
				"head": {
					"rotation": [-17.5, 0, 0]
				},
				"bulb": {
					"rotation": [0, 0, -7.5]
				},
				"arm_left": {
					"rotation": [0, -32.5, 0]
				},
				"arm_left2": {
					"rotation": [0, 47.5, 0],
					"position": [-1.15, 0.001, 0.5]
				},
				"arm_right": {
					"rotation": [0, -100, 0]
				},
				"arm_right2": {
					"rotation": [0, -42.5, 0],
					"position": [1.025, 0.001, 0.4]
				},
				"neck_front_right": {
					"rotation": [-10, 0, 0]
				},
				"neck_front_left": {
					"rotation": [-15, 0, 0]
				},
				"neck_front_mid": {
					"rotation": [-22.5, 0, 0]
				},
				"foot_right": {
					"rotation": [-32.5, 0, 0]
				},
				"foot_left": {
					"rotation": [-27.5, 0, 0]
				}
			}
		}
	}
}